,Birth #,Nickname,Rank,Unit,Role,TiG,TiS,LastPromotion,Start of Service,Recruiter,Status / Initial,UTC,Notes,,,,,,
Lieutenants,,Officers,,,,,,,,,,,,,,,,,
CX,2590,Scuba,Captain,Officer Reserves,-,873 DAY(S),1416 DAY(S),  20190102,  20170708,-,Cycle 1,-,Moved to Reserves on 03/03/2021,,,,,,
CC,3998,Point,First Lieutenant,Officer Reserves,-,397 DAY(S),1250 DAY(S),  20200422,  20171221,Phantom,Cycle 1,Alpha3,Moved to reserves 07/22/2020,,,,,,
CX,6436,Jackson,Second Lieutenant,Officer Reserves,-,572 DAY(S),1391 DAY(S),  20191030,  20170802,Swift/Noviix,Cycle 1,-,Moved to reserves 01/22/2020,,,,,,
CC,47272,Delta,Second Lieutenant,Officer Reserves,-,411 DAY(S),1231 DAY(S),  20200408,20180109,Jan,-,Charlie3,Moved to reserves 2/3/2020,,,,,,
CC,5015,Crisis,First Lieutenant,Officer Reserves,-,397 DAY(S),1250 DAY(S),  20200422,  20171221,Phantom,Cycle 1,Charlie3,Moved to reserves 4/28/2021,,,,,,
NCOs,,NCOs,,,,,,,,,F,,,,,,,,
Sergeant-Majors,,,,,,,,,,,,,,,,,,,
CS-M,82311,Pompano,Sergeant-Major,Inactive Reserves,-,628 DAY(S),1213 DAY(S),  20190904,  20180127,Zflocco,Class 3,Alpha7,Moved to reserves 07/22/2020,,,,,,
CS-M,3778,Odin,Sergeant-Major,Inactive Reserves,-,292 DAY(S),1356 DAY(S),  20200805,  20170906,Swift,Cycle 1,-,Moved to reserves 3/12/2021,,,,,,
Sergeants,,,,,,,,,,,,,,,,,,,
CS,3210,Orion,Sr. Sergeant,Inactive Reserves,Squad Leader,824 DAY(S),1388 DAY(S),  20190220,  20170805,Hermit,Cycle 1,-,Moved to Reserves 07/19/2020,,,,,,
CS,17019,Parrott,Sergeant,Inactive Reserves,Squad Leader,390 DAY(S),1058 DAY(S),  20200429,  20180701,Sorensic,Class 46,Domino23,Moved to Reserves 07/30/2020,,,,,,
CS,36422,Murdock ,Sergeant,Inactive Reserves,Section Commander,558 DAY(S),1224 DAY(S),  20191113,  20180116,Myth,Class 1,Bravo5,Moved to Reserves 05/09/2021,,,,,,
 Corporals,,,,,,,,,,,,,,,,,,,
CP,10110,Hackett ,Corporal,Inactive Reserves,Team Leader,285 DAY(S),867 DAY(S),  20200812,  20190108,Shape,Class 88,Decimate 61,Moved from Zeta to Placed 11/19/2019,,,,,,
CP,44325,Craz ,Corporal,Inactive Reserves,Squad Leader,278 DAY(S),731 DAY(S),  20200819,  20190524,Ripjaw,Private 47,Decimate 60,Moved From Zeta to Inactives 01/04/2021,,,,,,
CP,30459,Cholt,Corporal,Inactive Reserves,Section Commander,656 DAY(S),1179 DAY(S),  20190807,  20180302,Phex,Private 3,Charlie 11,Moved to Inactive from placed 2/14/2021,Requested Discharge,,,,,
CP,85762,Fixit,Corporal,Inactive Reserves,Team Leader,341 DAY(S),962 DAY(S),  20200617,  20181005,Walsh,Class 76,Echo37,Moved to Inactive from Placed 3/25/2021,,,,,,
CP,5309,Rook,Corporal,Inactive Reserves,Team Leader,121 DAY(S),1450 DAY(S),  20210123,  20170604,Jager,Cycle 1,-,Moved to Inactive from Placed 4/16/2021,,,,,,
Aviators,,Pilots,,,,,,,,,,,,,,,,,
CX-P,0715,Zena,Flight Officer,Razor Squadron,Pilot,1119 DAY(S),1294 DAY(S),  20180501,  20171107,Canik,-,-,,,,,,,
CX-P,98011,Dylan,Flight Officer,Razor Squadron,Pilot,678 DAY(S),1143 DAY(S),  20190716,  20180407,Riley,Class 23,Golf12,Moved to Reserves on 5/25/2020,,,,,,
CX-P,41917,Zatama,Flight Officer,Razor Squadron,Pilot,772 DAY(S),1130 DAY(S),  20190413,  20180420,Hoxton,Cycle 1,-,Moved to Reserves on 7/1/2020,,,,,,
CX-P,91573,Exose,Flight Officer,Razor Squadron,Pilot,772 DAY(S),1105 DAY(S),  20190413,  20180515,Fancy,Class 35,Golf20,Moved to Reserves on 7/1/2020,,,,,,
CX-W,91573,Flog,Master Chief Petty Officer,Razor Squadron,Warden,607 DAY(S),1323 DAY(S),  20190925,  20171009,Corey,Cycle 1,-,Moved to Reserves on 03/03/2021,,BLC+ALC,,,,
CX-M,50973,Legal,Master Aviator,Razor Squadron,Pilot,82 DAY(S),1148 DAY(S),20210303,  20180402,Klown,Class 23,Alpha21,,,,,,,
CX-C,82370,Keishin,Cadet,Razor Squadron,Pilot,79 DAY(S),169 DAY(S),20210306,20201206,Drammon,Class 30/ Cycle 4,Alpha102,Moved to Reserves on 5/6/2021,,,,,,
CX-C,91019,Spider,Cadet,Razor Squadron,Pilot,79 DAY(S),150 DAY(S),20210306,20201225,Snorri,Class 34/ Cycle 4,Charlie104,Moved to Reserves on 5/16/2021,,,,,,
CX-X,2655,Eagle,Ensign,Razor Squadron,Pilot,604 DAY(S),1287 DAY(S),  20190928,  20171114,Sorensic,Cycle 1,Bravo6,Moved to Reserves on 5/16/2021,,,,,,
CX-C,58641,Riku,Sr. Cadet,Razor Squadron,Pilot,87 DAY(S),315 DAY(S),20210226,20200713,Fluorite,Class 83/ Cycle 3,Bravo92,Moved to Reserves on 5/16/2021,,,,,,
Bastion,,Mynock,,,,,,,,,,,,,,,,,
CT,4558,Hungarian,Vt. Trooper,Mynock Reserves,Trooper,388 DAY(S),1299 DAY(S),  20200501,  20171102,Earthknite,Cycle 1,-,Mynock Reserves 1/17/2021,,,,,,
CP,1328,Osprey,Sr. Corporal,Mynock Reserves,Team Leader,248 DAY(S),1416 DAY(S),  20200918,  20170708,Kittens,Cycle 1,-,Mynock Reserves 1/18/2021,,,,,,
Airborne,,Acklay,,,,,,,,,,,,,,,,,
CT,8060,Raykan,Vt. Trooper,Acklay Reserves,Airborne Trooper,999 DAY(S),1376 DAY(S),  20180829,  20170817,ewiK,-,-,Moved to Reserves 06/30/19,,,,,,
CM,85705,Slugger,Sr. Trooper,Acklay Reserves,Medic,466 DAY(S),982 DAY(S),20200213,20180915,Riley,Class 71,Charlie34,Moved to Reserves 10/08/2020,,,,,,
CT,27491,Nobear,Vt. Trooper,Acklay Reserves,Airborne Trooper,110 DAY(S),1421 DAY(S),  20210203,  20170703,"York, Buchanan",Class 36,Echo20,Moved to Reserves 02/03/21,,,,,,
CT,59909,Jaeger,Vt. Trooper,Acklay Reserves,Airborne Trooper,491 DAY(S),1069 DAY(S),  20200119,  20180620,Jan,Class 43,Bravo21,Moved from Reserves 03/02/2020,Name change from Wilkens to Jaeger 02/06,,,,,
CT,76767,Diablo,Vt. Trooper,Acklay Reserves,Airborne Trooper,33 DAY(S),726 DAY(S),  20210421,  20190529,Komodo,Class 129,Phantom 62,Moved to Reserves 04/19/2021,,,,,,
CM,23039,Chroma,Vt. Trooper,Acklay Reserves,Medic,26 DAY(S),471 DAY(S),  20210428,  20200208,Habas,Class 42/ Cycle 3,Bravo81,Moved from Cyclone to Reserves 05/08/2021,,,,,,
CT,21096,Ritter,Vt. Trooper,Acklay Reserves,Airborne Trooper,433 DAY(S),958 DAY(S),20200317,20181009,Eli,Class 78,Alpha37,Name changed from Urban,Moved to Reserves 5/14/2021,,,,,
ARCs,,ARCs,,,,,,,,,,,,,,,,,
CT,70496,Kitsune,Vt. Trooper,ARC Reserves,ARC Trooper,502 DAY(S),992 DAY(S),  20200108,  20180905,Riley,Class 65,Bravo31,Moved from Placed to Inactive 01/20/2021,,,,,,
CT,15003,Archaic,Vt. Trooper,ARC Reserves,ARC Trooper,471 DAY(S),1006 DAY(S),  20200208,  20180822,Reck,Class 61,Bravo29,Moved to Reserves 5/1/2021,,,,,,
CT,79801,Tuch,Vt. Trooper,Nexu 2-2,ARC Trooper,558 DAY(S),1075 DAY(S),  20191113,  20180614,Walsh,Class 46,Domino24,,,,,,,
Medics,,Medics,,,,,,,,,,,,,,,,,
CM,12075,Defender,Sr. Trooper,Reserves,Medic,565 DAY(S),771 DAY(S),  20191106,  20190414,Habas,Class 115,Decimate 57,Moved to Reserves 08/20/2021,,,,,,
CM-C,15389,Cookie,Trooper,Reserves,Medic,834 DAY(S),977 DAY(S),20190210,20180920,Lucius,Class 70,Charlie42,Moved from Zeta to Inactive Reserves 10/20/2020 - Requested Discharge,,,,,,
CM-C,24275,Shot,Cadet,Reserves,Medic,273 DAY(S),314 DAY(S),20200824,20200714,Snorri,Class 86/ Cycle 3,Charlie93,Moved from Zeta 04/05/2021 - Inactivity for March,,,,,,
RTOs,,RTOs,,,,,,,,,,,,,,,,,
CI,18906,Cursed,Sr. Trooper,Reserves,RTO,463 DAY(S),1102 DAY(S),20200216,20180518,Reck,Private 5,Echo20,Moved to Inactive Reserves 06/27/2020 from Zeta - Requested Discharge - UELOA,,,,,,
CI-C,37446,Crimson,Trooper,Reserves,RTO,351 DAY(S),548 DAY(S),20200607,20191123,Ethan/Aspect,Class 27/ Cycle 3,Bravo85,Moved to Inactive Reserves from Zeta 8/22/2020,,,,,,
CI,10219,Fennec,Sr. Trooper,Reserves,RTO,383 DAY(S),619 DAY(S),20200506,20190913,Dusty,Class 14/ Cycle 3,Decimate 73,Moved to Inactive Reserves from Placed 09/26/2020,,,,,,
CI-C,57545,Dog,Trooper,Reserves,RTO,512 DAY(S),869 DAY(S),  20191229,  20190106,Kaj,Class 114,Phantom 56,Moved from Zeta to Inactive Reserves 12/14/2020 - Inactivity,,,,,,
CI-C,37329,Miles,Sr. Trooper,Reserves,RTO,327 DAY(S),733 DAY(S),  20200701,  20190522,Dusty,Class 125,Harbinger 63,Moved from Zeta Applicant pool 1/30/2021,,,,,,
CI-T,3511,Rory,Vt. Trooper,Reserves,RTO,607 DAY(S),1250 DAY(S),20190925,20171221,-,-,-,Moved from Zeta 03/01/2021,,,,,,
CI-C,95375,Frost,Trooper,Reserves,RTO,653 DAY(S),719 DAY(S),20190810,20190605,Brandon,Class 130,Decimate 61,Moved to Inactive Reserves  from Zeta 03/11/2021,,,,,,
Warrant Officers,,,,,,,,,,,,,,,,,,,
CW-P,11716,Vakarian,Chief Warrant Officer Two,Inactive Reserves,Section Commander,110 DAY(S),623 DAY(S),  20210203,  20190909,Habas,Class 12 / Cycle 3,Phantom 71,,,,,,,
Troopers,,Veteran Troopers,,,,,,,,,,,,,,,,,
CT,45365,Weaver,Vt. Trooper,Inactive Reserves,Trooper,677 DAY(S),1151 DAY(S),  20190717,  20180330,Sazi,Class 22,Charlie15,Moved to Reserves 10/14/2020/Moved to inactive reserves 12/09/2020,,,,,,
CT,3105,Corey ,Vt. Trooper,Inactive Reserves,Trooper,859 DAY(S),1376 DAY(S),  20190116,  20170817,Ewik,Cycle 1,-,"Demoted self to Vt. Trooper on 08/13/2020, Removed from medical for inactivity on 10/24.2020",,,,,,http://prntscr.com/vap3yv
CT,50234,Pops,Vt. Trooper,Inactive Reserves,Trooper,1065 DAY(S),1237 DAY(S),  20180624,  20180103,Orion,-,Charlie2,,,,,,,
CT,3356,Raz,Vt. Trooper,Inactive Reserves,Trooper,838 DAY(S),1415 DAY(S),  20190206,  20170709,King,-,-,,,,,,,
CT,14775,Rexi,Vt. Trooper,Inactive Reserves,Trooper,523 DAY(S),1207 DAY(S),  20191218,  20180202,Zflocco,Class 5,Domino7,Moved to Inactive Reserves 05/03/19,,,,,,
CT,1612,Roadman,Vt. Trooper,Inactive Reserves,Trooper,635 DAY(S),1310 DAY(S),  20190828,20171022,Andromeda,-,-,Moved to Inactive Reserves 8/28/19,Name change from Roadboy 20190828,,,,,
CT,2222,Ewik,Vt. Trooper,Inactive Reserves,Trooper,625 DAY(S),1421 DAY(S),  20190907,  20170703,Buchanan/Bobs,-,-,Moved to Reserves 12/28/2019,,,,,,
CT,8241,Tyler,Vt. Trooper,Inactive Reserves,Trooper,404 DAY(S),1383 DAY(S),  20200415,  20170810,Ewik,,,Moved to Reserves 12/11/19 - Filed LOA 02/22/2020 Vt. Trooper- 4/15/2020,,,,,,
CT,68975,Tim,Vt. Trooper,Inactive Reserves,Trooper,642 DAY(S),1358 DAY(S),  20190821,  20170904,Grant,Cycle 1,Echo17,Moved to Inactive Reserves from Placed 05/09/2020,,,,,,
CT,42717,Middle,Vt. Trooper,Inactive Reserves,Trooper,474 DAY(S),1018 DAY(S),20200205,20180810,Poseidon,Class 58,Golf29,Moved to Inactive Reserves from Zeta 08/02/2020 - Inactivity,,,,,,
CT,56219,Cyrus,Vt. Trooper,Inactive Reserves,Trooper,432 DAY(S),859 DAY(S),  20200318,  20190116,Riley,Class 91,Domino49,Moved to Inactive Reserves from Placed 08/01/2020,,,,,,
CT,11080,Pipit,Vt. Trooper,Inactive Reserves,Trooper,670 DAY(S),1085 DAY(S),  20190724,  20180604,Riley,Class 39,Alpha19,Moved to Reserves from Medical Reserves 8/21/2020,,,,,,
CT,10666,Habivi,Vt. Trooper,Inactive Reserves,Trooper,726 DAY(S),1117 DAY(S),  20190529,  20180503,Sazi,-,Alpha17,Moved to Inactive Reserves from Placed 09/05/2020,,,,,,
CT,46698,Oneill,Vt. Trooper,Inactive Reserves,Trooper,311 DAY(S),809 DAY(S),  20200717,  20190307,Brandon,Class 106,Decimate 54,Moved to Inactive Reserves from Placed 09/16/2020,,,,,,
CT,42452,Sledge,Vt. Trooper,Inactive Reserves,Trooper,229 DAY(S),825 DAY(S),20201007,20190219,Denz,Class 100,Phantom 53,Moved from Placed to Inactive 10/8/2020,,,,,,
CT,11077,Weepier,Vt. Trooper,Inactive Reserves,Trooper,285 DAY(S),943 DAY(S),20200812,  20181024,Barbary,Class 79,Hotel37,Moved to Inactive Reserves from Placed 10/10/2020,,,,,,
CT,02947,Jupiter,Vt. Trooper,Inactive Reserves,Trooper,239 DAY(S),1207 DAY(S),  20200927,  20180202,Zflocco,Class 5,Charlie10,Moved to Inactive Reserves from Placed 10/26/2020,,,,,,
CT,2022,Mags,Vt. Trooper,Inactive Reserves,Trooper,1069 DAY(S),1406 DAY(S),  20180620,  20170718,-,-,-,Posted ELOA 20190824 with unknown end date; moved from Zeta to Inactive Reserves 08/24,,,,,,Removed from Medical 10/24/2020 - Inactivity
CT,17676,Toast,Vt. Trooper,Inactive Reserves,Trooper,432 DAY(S),1199 DAY(S),  20200318,  20180210,Audials/Canik,Class 8,Bravo8,Moved Inactives Reserves from Placed 9/3/2020,,,Removed from Medical 10/24/2020 - Inactivity,,,
CT,27754,Fiend,Vt. Trooper,Inactive Reserves,Trooper,474 DAY(S),964 DAY(S),  20200205,  20181003,Barbary,Class 75,Domino35,Moved to Inactive Reserves from Zeta 11/01/2020 - Requested Discharge,,,,,,
CT,4782,Cavalry,Vt. Trooper,Inactive Reserves,Trooper,665 DAY(S),1348 DAY(S),  20190729,  20170914,Corey,-,-,Moved to Inactive Reserves from Zeta 11/11/2020 - Inactivity,,,,,,
CT,9478,Mimic,Vt. Trooper,Inactive Reserves,Trooper,404 DAY(S),1364 DAY(S),  20200415,  20170829,-,Class 9,-,Moved from Zeta to Inactive Reserves 12/14/2020 - Inactivity,,,,,,
CT,67991,Phoenix,Vt. Trooper,Inactive Reserves,Trooper,400 DAY(S),912 DAY(S),  20200419,  20181124,Josh,Class 84,Alpha43,Moved to inactive reserves 1/8/21,,,,,,
CT,84210,Bonaparte,Vt. Trooper,Inactive Reserves,Trooper,684 DAY(S),1232 DAY(S),  20190710,  20180108,Phantom,-,Charlie3,Moved from RTO Reserves to Inactive Resers 2/4/2020,,,,,,
CT,16175,Boozy ,Vt. Trooper,Inactive Reserves,Trooper,236 DAY(S),1066 DAY(S),  20200930,  20180623,Mountain,Class 44,Bravo22,CT on 1/23/2021,,,,,,
CT,2137,Roster ,Vt. Trooper,Inactive Reserves,Trooper,908 DAY(S),1256 DAY(S),  20181128,  20171215,Earthknite,Cycle 1,Bravo1,Removed from Placed to Inactive Reserves 7/15/2020,,,Removed from Medical Reserves 11/18/2020,,,
CT,9168,Storm,Vt. Trooper,Inactive Reserves,Trooper,348 DAY(S),1345 DAY(S),  20200610,  20170917,Corey,Cycle 1,-,Returning member. Demoted to CR-C from CT per Captain Bondoer. Former CT TiG of 597 Days (Last Promotion 9/28/2017) as of 5/17/2019. Updated TiG as CR-C per Zeta application date: 5/17/2019.,,Moved to Inactives from Placed 04/24/2021,,,,
CT,45632,Muzzer,Vt. Trooper,Inactive Reserves,Trooper,229 DAY(S),1068 DAY(S),  20201007,  20180621,Riley,Class 46,Charlie23,Moved to Inactive Reserves 5/4/2021,,,,,,
CT,74218,Infinite,Vt. Trooper,Inactive Reserves,Zeta Squad Leader,376 DAY(S),1061 DAY(S),  20200513,  20180628,Riley,Class 45,Foxtrot23,Moved to Inactive Reserves 5/22/2021,,,,,,
Troopers,,Senior Troopers,,,,,,,,,,,,,,,,,
CT,14852,Runic,Sr. Trooper,Inactive Reserves,Trooper,901 DAY(S),1078 DAY(S),  20181205,  20180611,Dwarf,Class 40,Echo20,Moved to Reserves 3/16/19,,,,,,
CT,86145,Rayver,Sr. Trooper,Inactive Reserves,Trooper,659 DAY(S),866 DAY(S),  20190804,  20190109,Klown,Class 89,Alpha48,Moved to Reserves on 09/30/19,,,,,,
CT,1721,Enginikts,Sr. Trooper,Inactive Reserves,Trooper,1314 DAY(S),1418 DAY(S),  20171018,  20170706,Pulse,Cycle 1,-,Moved from Mynock to Inactive Reserves 05/05/2020,,,,,,
CT,48892,Dirt,Sr. Trooper,Inactive Reserves,Trooper,1123 DAY(S),1223 DAY(S),  20180427,  20180117,Tyler,Class 1,Bravo5,Moved from Zeta to Inactive Reserves 7/02/2020 - Inactivity,,,,,,
CT,19902,Habit,Sr. Trooper,Inactive Reserves,Trooper,508 DAY(S),780 DAY(S),  20200102,  20190405,Kestrel,Class 114,Phantom 56,Moved to Inactive Reserves from Zeta Applicant Pool 07/18/2020,,,,,,
CT,12013,Dino,Sr. Trooper,Inactive Reserves,Trooper,852 DAY(S),1054 DAY(S),  20190123,  20180705,Mountain,Class 47,Domino23,Moved to Reserves from Medical Reserves 8/21/2020,,,,,,
CT,48385,Wombat,Sr. Trooper,Inactive Reserves,Trooper,953 DAY(S),1126 DAY(S),  20181014,  20180424,Riley,Class 28,Charlie16,Moved to Reserves from Medical Reserves 8/21/2020,,,,,,
CT,5581,Lupus,Sr. Trooper,Inactive Reserves,Trooper,1321 DAY(S),1346 DAY(S),  20171011,  20170916,Vette,-,-,Moved to Reserves from Medical Reserves 8/21/2020,,,,,,
CT,75071,Nudder,Sr. Trooper,Inactive Reserves,Trooper,957 DAY(S),1056 DAY(S),  20181010,  20180703,Eli,Class 50,Bravo28,Moved to Reserves from Medical Reserves 8/21/2020,,,,,,
CT,10223,Ifrus,Sr. Trooper,Inactive Reserves,Trooper,646 DAY(S),874 DAY(S),  20190817,  20190101,Eli,Class 88,Echo48,Moved to Reserves from Medical Reserves 8/21/2020,,,,,,
CT,46978,Cliche,Sr. Trooper,Inactive Reserves,Trooper,551 DAY(S),781 DAY(S),  20191120,  20190404,Klown,Class 113,Valentine 56,Moved to Reserves from Medical Reserves 8/21/2020,,,,,,
CT,4256,Koop,Sr. Trooper,Inactive Reserves,Trooper,859 DAY(S),1262 DAY(S),  20190116,  20171209,Earthknite,Cycle 1,Domino2,Moved to Reserves from Medical Reserves 8/21/2020,,,,,,
CT,39812,Parker,Sr. Trooper,Inactive Reserves,Trooper,404 DAY(S),765 DAY(S),  20200415,  20190420,Narrator,-,Decimate58,Moved to Reserves from Medical Reserves 8/21/2020,,,,,,
CT,41991,Merk,Sr. Trooper,Inactive Reserves,Trooper,656 DAY(S),967 DAY(S),  20190807,  20180930,Courage,Class 75,Hotel37,Moved from Zeta to Inactive Reserves 09/07/2020 - Inactivity,,,,,,
CT,11707,Teacup ,Sr. Trooper,Inactive Reserves,Trooper,488 DAY(S),760 DAY(S),20200122,  20190425,Rayne,Class 122,Valentine 61,Moved from Cyclone to Inactive Reserves 9/15/2020,,,,,,
CT,1153,Kaser,Sr. Trooper,Inactive Reserves,Trooper,1418 DAY(S),1418 DAY(S),  20170706,  20170706,York,-,-,Moved to reserves from Zeta by request - 10/06/2020,,,,,,
CT,37951,Matt,Sr. Trooper,Inactive Reserves,Trooper,369 DAY(S),592 DAY(S),20200520,20191010,Snorri,Class 16/ Cycle 3,Valentine 74,Moved to Reserves 1/5/20,,,,,,
CT,7449,Atlas,Sr. Trooper,Inactive Reserves,Trooper,1139 DAY(S),1235 DAY(S),  20180411,  20180105,Kahdur,-,Echo5,Removed from RTO 1/28/1010,,,,,,
CT,5550,Mungus,Sr. Trooper,Inactive Reserves,Trooper,1391 DAY(S),988 DAY(S),20170802,20180909,Noviix,-,-,Moved from Zeta 01/31/2021,,,,,,
CT,64021,Sunshine,Sr. Trooper,Inactive Reserves,Trooper,119 DAY(S),806 DAY(S),  20210125,  20190310,Denz,Class 106,Phantom 54,Moved to Inactive 3/42021,,,,,,
CT,36985,Holiday,Sr. Trooper,Inactive Reserves,Trooper,777 DAY(S),1088 DAY(S),  20190408,  20180601,Mountain,Private 8,Alpha31,Moved to Inactive 3/17/2021,,,,,,
Troopers,,Troopers,,,,,,,,,,,,,,,,,
CT,3109,Exxon,Trooper,Inactive Reserves,Trooper,1237 DAY(S),1422 DAY(S),  20180103,  20170702,Revan,-,-,,,,,,,
CT,1880,Bobs,Trooper,Inactive Reserves,Trooper,939 DAY(S),1224 DAY(S),  20181028,  20180116,Scuba,Class 39,Golf29,Moved to Inactive Reserves 05/22/2019 from Zeta - See Fancy,,,,,,
CT,61088,Reibre,Trooper,Inactive Reserves,Trooper,834 DAY(S),893 DAY(S),  20190210,  20181213,Klown,Class 87,Bravo44,Moved to Inactive Reserves 05/23/2019 from Zeta - ELOA May 25 - Aug 7,,,,,,
CT,42302,Samot,Trooper,Inactive Reserves,Trooper,862 DAY(S),954 DAY(S),  20190113,  20181013,Barbary/Courage,Private 10,Alpha37,Moved to Inactive Reserves 05/30/2019 from Zeta - ELOA NO RETURN DATE,,,,,,
CT,76009,Redding,Trooper,Inactive Reserves,Trooper,815 DAY(S),851 DAY(S),  20190301,  20190124,Ash,Class 94,Alpha52,Moved to Inactive Reserves 11/09/19 from Zeta - Inactivity,,,,,,
CT,88070,Primus,Trooper,Inactive Reserves,Trooper,631 DAY(S),862 DAY(S),20190901,  20190113,Darkstar,Class 102,Valentine 56,Moved out of Zeta Applicant Pool 1/2/2020,,,,,,
CT,97513,Kavas,Trooper,Inactive Reserves,Trooper,505 DAY(S),560 DAY(S),20200105,20191111,Frost,Class 25/ Cycle 3,Phantom 75,Removed from Zeta to Inactive Reserves 03/03/2020 - Inactivity,,,,,,
CT,23983,Shifty,Trooper,Inactive Reserves,Trooper,1109 DAY(S),1142 DAY(S),  20180511,  20180408,Walsh,Private 4,Alpha15,Removed from Zeta to Inactive Reserves 03/03/2020 - Inactivity,,,,,,
CT,18097,Foxxy,Trooper,Inactive Reserves,Trooper,554 DAY(S),654 DAY(S),20191117,20190809,Tyler,Class 5 / Cycle 3,Valentine60,Removed from Zeta to Inactive Reserves 03/03/2020 - Inactivity,,,,,,
CT,15329,Jakel,Trooper,Inactive Reserves,Trooper,848 DAY(S),956 DAY(S),20190127,20181011,Darkstar,Class 76,Charlie36,Removed from Zeta to Inactive Reserves 06/01/2020 - Inactivity,,,,,,
CT,74679,Graze,Trooper,Inactive Reserves,Trooper,386 DAY(S),545 DAY(S),20200503,20191126,Ethan,Class 29/ Cycle 3,Bravo80,Removed from Zeta to Inactive Reserves 06/01/2020 - Inactivity,,,,,,
CT,63020,Mikado,Trooper,Inactive Reserves,Trooper,421 DAY(S),580 DAY(S),20200329,20191022,Dusty,Private 77,Charlie79,Moved from Zeta to Inactive Reserves 6/22/2020,,,,,,
CT,48376,Apostle,Trooper,Inactive Reserves,Trooper,592 DAY(S),687 DAY(S),20191010,20190707,Maurice,Private 57,Valentine63,Moved from Zeta to Inactive Reserves 07/08/2020 - Requested Discharge,,,,,,
CT,12271,Stretch,Trooper,Inactive Reserves,Trooper,351 DAY(S),605 DAY(S),20200607,20190927,Darkstar,Class,Valentine 73,Moved to Inactive Reserves from Zeta 08/02/2020 - Inactivity,,,,,,
CT,97516,Ayryk,Trooper,Inactive Reserves,Trooper,611 DAY(S),863 DAY(S),20190921,  20190112,Exod,Class 90,Domino49,Moved from Zeta to Inactive Reserves 7/02/2020 - Inactivity  - Removed from RTO 08/05/2020,,,,,,
CT,44060,Runner,Trooper,Inactive Reserves,Trooper,869 DAY(S),968 DAY(S),  20190106,  20180929,Ares/War,Class 74,Bravo37,Moved to Reserves from Zeta 11/21/2019 - Removed from RTO 08/05/2020,,,,,,
CT,17249,Platano,Trooper,Inactive Reserves,Trooper,442 DAY(S),553 DAY(S),20200308,20191118,Ethan,Class 27/ Cycle 3,Valentine 77,Moved from Zeta to Inactive Reserves 7/02/2020 - Inactivity  - Removed from RTO 08/05/2020,,,,,,
CT,16012,Truth,Trooper,Inactive Reserves,Trooper,855 DAY(S),1189 DAY(S),  20190120,  20180220,Orion,Private 2,Foxtrot16,Moved to Reserves from Medical Reserves 8/21/2020,,,,,,
CT,12393,Solace,Trooper,Inactive Reserves,Trooper,869 DAY(S),967 DAY(S),  20190106,  20180930,Alex,Private 20,Bravo36,Moved to Reserves from Medical Reserves 8/21/2020,,,,,,
CT,65540,Coin,Trooper,Inactive Reserves,Trooper,666 DAY(S),730 DAY(S),  20190728,20190525,Clock,Class 125,Decimate 60,Moved to Reserves from Medical Reserves 8/21/2020,,,,,,
CT,19847,Stewie,Trooper,Inactive Reserves,Trooper,715 DAY(S),823 DAY(S),  20190609,  20190221,Darkstar,Class 102,Phantom02,Moved to Reserves from Medical Reserves 8/21/2020,,,,,,
CT,42455,Claymur,Trooper,Inactive Reserves,Trooper,393 DAY(S),463 DAY(S),  20200426,  20200216,Maurice,Class 45/ Cycle 3,Alpha82,Moved to Reserves from Medical Reserves 8/21/2020,,,,,,
CT,86246,Barbary,Trooper,Inactive Reserves,Trooper,480 DAY(S),1059 DAY(S),  20200130,  20180630,Brandon,Class 46,Charlie23,Moved from Acklay Reserves to Reserves 08/24/2020,,,,,,
CT,19019,Hades,Trooper,Inactive Reserves,Trooper,288 DAY(S),356 DAY(S),20200809,20200602,Frisk,Class 72/ Cycle 3,Bravo89,Moved from Zeta to Inactive Reserves 09/23/2020 - ULOA,,,,Returning Member Approved by CC Fancy,,
CT,50593,Treja,Trooper,Inactive Reserves,Trooper,722 DAY(S),853 DAY(S),  20190602,  20190122,Tuch,Class 95,Decimate 53,Moved from Zeta to Inactive Reserves 09/23/2020 - Requested Discharge,,,,,,
CT,61198,Bek,Trooper,Inactive Reserves,Trooper,295 DAY(S),777 DAY(S),20200802,  20190408,Tuff,Class 114,Decimate 56,Moved from Zeta to Inactive Reserves 10/01/2020 - AWOL (Not in unit Discords),,,,,,
CT,42505,Kief,Trooper,Inactive Reserves,Trooper,722 DAY(S),834 DAY(S),  20190602,  20190210,Deci,Class 100,Harbinger 53,Removed from Zeta to Inactive Reserves 10/01/2019 - Inactivity,,,,,,
CT,71337,Gladiator,Trooper,Inactive Reserves,Trooper,281 DAY(S),427 DAY(S),20200816,20200323,Bridger/York/Shadow,Class 53/ Cycle 3,Alpha84,Moved from Zeta to inactive Reserves 11/02/2020 - Inactivity,,,,,,
CT,55117,Maxson,Trooper,Inactive Reserves,Trooper,232 DAY(S),295 DAY(S),20201004,20200802,Snorri/Walsh,Class 1/ Cycle 4,Delta93,Moved from Zeta to Inactive Reserves 11/11/2020 - Inactivity,,,,,,
CT,27912,Presto,Trooper,Inactive Reserves,Trooper,603 DAY(S),706 DAY(S),20190929,20190618,Brandon,Private 52,Phantom 62,Moved from Zeta to Inactive Reserves 11/16/2020 - Inactivity (Was entirely unreachable),,,,,,
CT,67452,Bull,Trooper,Inactive Reserves,Trooper,218 DAY(S),329 DAY(S),20201018,20200629,Weaver,Class 79/ Cycle 3,Alpha91,Moved from Palced to Inactive 11/17/2020,,,Probation: 15,Changed from Cookies to Bull 7/4/2020,,
CT,39580,Fakie,Trooper,Inactive Reserves,Trooper,339 DAY(S),398 DAY(S),20200619,20200421,Twine/Shadow,Class 61/ Cycle 3,Charlie86,Moved from Placed to Inactive 1/7/2020,,,,,,
CT,13030,November,Trooper,Inactive Reserves,Trooper,799 DAY(S),858 DAY(S),  20190317,  20190117,September,Class 91,Charlie50,Moved from Zeta 1/9/21,,,,,,
CT,85135,Lost,Trooper,Inactive Reserves,Trooper,134 DAY(S),253 DAY(S),20210110,20200913,Wag,Class 12/ Cycle 4,Alpha97,Moved from Zeta to Inactive 1/12/2021,Name Changed from Kete,,,,,
CT,1247,Arturion,Trooper,Inactive Reserves,Trooper,652 DAY(S),708 DAY(S),20190811,20190616,Cholt,Class 132,Decimate 61,Removed from RTO 1/28/1010,,,Returning Member approved by Jay,,,
CT,90101,Anarchy,Trooper,Inactive Reserves,Trooper,456 DAY(S),636 DAY(S),20200223,20190827,Vulture,Class 8 / Cycle 3,Decimate 74,Removed from RTO 1/28/1010,,,,,,
CT,96751,Dutch,Trooper,Inactive Reserves,Trooper,400 DAY(S),481 DAY(S),20200419,  20200129,"Snorri, Drammon",Private 103,Charlie81,Removed from RTO 1/28/1010,,,,,,
CT,13141,Anorant,Trooper,Inactive Reserves,Trooper,505 DAY(S),614 DAY(S),  2020015,20190918,Clock,Class 13/ Cycle 3,Phantom 69,Removed from RTO 1/28/1010,,,,,,
CT,90998,Muranyi,Trooper,Inactive Reserves,Trooper,197 DAY(S),273 DAY(S),20201108,  20200824,Drammon,Class 7/ Cycle 4,Charlie95,Moved from Zeta 01/31/2021,,,,,,
CT,10257,Rackor,Trooper,Inactive Reserves,Trooper,736 DAY(S),850 DAY(S),  20190519,  20190125,Ash,Private 22,Private,Moved from Zeta 02/04/2021 - Requested Discharge,,,,,,
CT,34521,Urse,Trooper,Inactive Reserves,Trooper,358 DAY(S),775 DAY(S),  20200531,  20190410,Black,Private 122,Alpha85,Returning member approved by CX Scuba	,,Removed from Placed 01/30/2021 - ELOA,,,,
CT,84575,Chad,Trooper,Inactive Reserves,Trooper,549 DAY(S),686 DAY(S),20191122,20190708,Walsh,Class 138 / Cycle 2,Decimate 62,Momved from Zeta 03/02/2021,Inactivity - February,,,,,
CT,25152,Tatum,Trooper,Inactive Reserves,Trooper,73 DAY(S),494 DAY(S),  20210312,20200116,Cholt,Class 36/ Cycle 3,Alpha79,Removed from Avalanche 03/12/2021,,,,,,
CT,10016,Deo,Trooper,Inactive Reserves,Trooper,1067 DAY(S),1097 DAY(S),20180622,20180523,Kahn,Class 38,Foxtrot 19,Removed from Medical Reserves 01/05/2021,,,,,,
CT,30215,Willical,Trooper,Inactive Reserves,Trooper,101 DAY(S),193 DAY(S),  20210212,  20201112,Walsh,Class 59,Domino19,Approved Returning Member CC Crisis,,,,,,
CT,19957,Cortes,Trooper,Inactive Reserves,Trooper,64 DAY(S),813 DAY(S),  20210321,  20190303,Barbary,Class 103,Decimate 54,Moved from Zeta to inactive Reserves 04/27/2021,,,,,,
CT,60010,Mingus,Trooper,Inactive Reserves,Trooper,169 DAY(S),236 DAY(S),20201206,20200930,Ethan/Genesis,Class 17/ Cycle 4,Alpha97,Moved from Zeta 04/29/2021,,,,,,
CT,74365,Wanderer,Trooper,Inactive Reserves,Trooper,197 DAY(S),252 DAY(S),20201108,20200914,Ethan,Class 12/ Cycle 4,Alpha96,Moved from Zeta 05/05/2021,,,,,,
CT,22003,Luuce,Trooper,Inactive Reserves,Trooper,859 DAY(S),1114 DAY(S),  20190116,  20180506,Cobra,Class 45,Bravo22,Removed from Razor Reserves 5/16/2021,,,,,,
CT,36419,Slurps,Trooper,Inactive Reserves,Trooper,609 DAY(S),908 DAY(S),  20190923,  20181128,Tyler,Class 86,Bravo44,Removed from Razor Reserves 5/16/2021,,,,,,
Cadets,,Cadets,,lol,,,,,,,,,move,,,,,,
CR-C,15599,Torres,Cadet,Inactive Reserves,Trooper,834 DAY(S),1070 DAY(S),  20190210,  20180619,Glue,Class 43,Charlie21,,,,,,,
CR-C,64623,Data,Cadet,Inactive Reserves,Trooper,1046 DAY(S),1064 DAY(S),  20180713,  20180625,Riley,Class 44,Alpha22,,,,,,,
CR-C,61780,Maroon,Cadet,Inactive Reserves,Trooper,899 DAY(S),1224 DAY(S),  20181207,  20180116,Myth,Class 1,Bravo8,"Moved to reserves 6/30/2018 | Returning member, demoted 12/06/18",,,,,,
CR-C,29871,Arsonil,Cadet,Inactive Reserves,Trooper,941 DAY(S),964 DAY(S),  20181026,  20181003,Shape,Class 73,Bravo34,Moved to Inactive Reserves 03/01/19 from Zeta - Inactivity,,,,,,
CR-C,21654,Crash,Cadet,Inactive Reserves,Trooper,822 DAY(S),875 DAY(S),  20190222,  20181231,Broad,Class 88,Charlie51,Moved to Inactive Reserves 03/31/19 from Zeta - Inactivity,,,,,,
CR-C,29057,Absent,Cadet,Inactive Reserves,Trooper,1032 DAY(S),1049 DAY(S),  20180727,  20180710,Klown,Class 49,Domino24,Moved to Inactive Reserves 03/31/19 from Zeta - Inactivity,,,,,,
CR-C,22001,Bolts,Cadet,Inactive Reserves,Trooper,899 DAY(S),991 DAY(S),  20181207,  20180906,Shape,Class 82,Bravo40,Moved to Inactive Reserves 03/31/19 from Zeta - Inactivity,,,,,,
CR-C,64628,Lumberjack,Cadet,Inactive Reserves,Trooper,822 DAY(S),852 DAY(S),  20190222,  20190123,Shape,Class 93,Alpha50,Moved to Inactive Reserves 03/31/19 from Zeta - Inactivity,,,,,,
CR-C,42512,Pants,Cadet,Inactive Reserves,Trooper,899 DAY(S),926 DAY(S),  20181207,  20181110,Lich,Class 81,Alpha40,Moved out of Zeta Applicants Pool 05/19/2019,,,,,,
CR-C,48025,Shifter,Cadet,Inactive Reserves,Trooper,983 DAY(S),1015 DAY(S),  20180914,  20180813,Walsh,Class 60,Domino30,Moved out of Zeta Applicants Pool 05/19/2019,,,,,,
CR-C,27852,Catch,Cadet,Inactive Reserves,Trooper,892 DAY(S),953 DAY(S),  20181214,  20181014,Shape,Private 10,Charlie41,Moved out of Zeta Applicants Pool 05/19/2019,,,Name Change from Mcpants 11/14/2018,,,
CR-C,42937,Sword,Cadet,Inactive Reserves,Trooper,906 DAY(S),937 DAY(S),  20181130,  20181030,Chan,Class 80,Charlie39,Moved out of Zeta Applicants Pool 05/19/2019,,,,,,
CR-C,15915,Accel,Cadet,Inactive Reserves,Trooper,885 DAY(S),926 DAY(S),  20181221,  20181110,Kaj,Class 85,Charlie42,Moved out of Zeta Applicants Pool 05/19/2019,,,,,,
CR-C,64714,Sauce,Cadet,Inactive Reserves,Trooper,892 DAY(S),916 DAY(S),  20181214,  20181120,Shape,Class 83,Charlie41,Moved out of Zeta Applicants Pool 05/19/2019,,,,,,
CR-C,24450,Adjacent,Cadet,Inactive Reserves,Trooper,920 DAY(S),967 DAY(S),  20181116,  20180930,Needles,Class 72,Alpha37,Moved out of Zeta Applicants Pool 05/19/2019,,,,,,
CR-C,34023,Griff,Cadet,Inactive Reserves,Trooper,871 DAY(S),946 DAY(S),  20190104,  20181021,Lich,Class 84,Alpha44,Moved out of Zeta Applicants Pool 05/19/2019,,,,,,
CR-C,11272,Minashi,Cadet,Inactive Reserves,Trooper,692 DAY(S),943 DAY(S),  20190702,  20181024,Barbary,Class 79,Alpha38,Moved to Inactive Reserves 07/02/2019 From Razor - Inactive,,,,,,
CR-C,17107,Pepper,Cadet,Inactive Reserves,Trooper,727 DAY(S),974 DAY(S),  20190528,20180923,Lucius/Courage/Needles,Class 77,Echo37,Moved out of Zeta Applicants Pool 07/04/2019,,,,,,
CR-C,56812,Trueshot,Cadet,Inactive Reserves,Trooper,685 DAY(S),1223 DAY(S),  20190709,  20180117,Sparrow,Class 2,Echo5,Moved to Reserves on 20180528 / Removed from Medic 20180917,,,,,,
CR-C,28491,Dart,Cadet,Inactive Reserves,Trooper,1053 DAY(S),1075 DAY(S),  20180706,  20180614,Brandon,Class 43,Alpha21,Moved to  Inactve Reserves 7/14/19 from Zeta - Inactivity,,,,,,
CR-C,19222,Gnagg,Cadet,Inactive Reserves,Trooper,696 DAY(S),802 DAY(S),  20190628,  20190314,Shape,Class 106,Valentine 55,Moved pit pf Zeta Applicant Pool - 07/30/2019,,,,,,
CR-C,90917,Harry,Cadet,Inactive Reserves,Trooper,703 DAY(S),754 DAY(S),  20190621,  20190501,Exod,Class 120,Decimate 59,Moved to Inactive Reserves 08/01/19 from Zeta - Inactivity,,,,Returning Member Approved by BC Jay,,
CR-C,15533,Jax,Cadet,Inactive Reserves,Trooper,724 DAY(S),760 DAY(S),  20190531,  20190425,Rayne,Private 41,Decimate57,Moved to Inactive Reserves 08/01/19 from Zeta - Inactivity,,,,Name changed from Wedge,,
CR-C ,19627,Guns,Cadet,Inactive Reserves,Trooper,731 DAY(S),829 DAY(S),  20190524,  20190215,Komodo/Shadow,Private 26,Decimate 55,Moved to Inactive Reserves 08/25/2019 from Zeta - Inactivity,,,,,,
CR-C,62794,Dank,Cadet,Inactive Reserves,Trooper,666 DAY(S),738 DAY(S),20190728,  20190517,Brandon/Shadow/Walsh,Private 45,Phantom 59,Moved from Zeta Applicant Pool 08/28/2019,,,,,,
CR-C,26668,Hound,Cadet,Inactive Reserves,Trooper,682 DAY(S),733 DAY(S),20190712,  20190522,Maurice/Mars,Class 124,Phantom 61,Moved to Inactive Reserves 09/01/19 from Zeta - Inactivity,,,,,,
CR-C,44145,Lystra,Cadet,Inactive Reserves,Trooper,682 DAY(S),830 DAY(S),20190712,  20190214,Komodo,Private 31,Valentine 56,Moved to Inactive Reserves 09/01/19 from Zeta - Inactivity,,,,,,
CR-C,92543,Adventure,Cadet,Inactive Reserves,Trooper,744 DAY(S),862 DAY(S),  20190511,  20190113,Tyler,Class 94,Phantom 53,Moved to Inactive Reserves 09/11/19 from Zeta - Inactivity,,,,,,
CR-C,61598,Casnova,Cadet,Inactive Reserves,Trooper,772 DAY(S),863 DAY(S),  20190413,  20190112,Glue,Class 75,Foxtrot35,Removed from Razor 09/24/19 - Inactivity,,,,,,
CR-C,98248,Dubbs,Cadet,Inactive Reserves,Trooper,736 DAY(S),1040 DAY(S),  20190519,  20180719,Shape,Class 55,Bravo27,Removed from Razor 09/24/19 - Inactivity,,,,,,
CR-C,24252,Charred,Cadet,Inactive Reserves,Trooper,696 DAY(S),739 DAY(S),20190628,20190516,Maurice,,,Removed from Zeta to Inactive Reserves 10/01/2019 - Inactivity,,,,,,
CR-C,95480,Lewt,Cadet,Inactive Reserves,Trooper,611 DAY(S),674 DAY(S),20190921,20190720,Spark,Class 1/Cycle 3,Decimate 65,Moved out of Zeta Applicant Pool 11/5/19,,,Could not login on website,,,
CR-C,20708,Shovel,Cadet,Inactive Reserves,Trooper,611 DAY(S),744 DAY(S),20190921,  20190511,Shadow,Class 133,Phantom 62,Moved out of Zeta Applicant Pool 11/5/19,,,,,,
CR-C,14099,Sej,Cadet,Inactive Reserves,Trooper,584 DAY(S),733 DAY(S),  20191018,  20190522,Hook,Class 124,Valentine62,Moved out of Zeta Applicant Pool 11/5/19,,,,,,
CR-C,58599,Beowulf,Cadet,Inactive Reserves,Trooper,619 DAY(S),661 DAY(S),  20190913,20190802,Shadow/Magnus,Class 3 / Cycle 3,Phantom 67,Moved to Inactive Reserves 11/09/19 from Zeta - Inactivity,,,,,,
CR-C,35486,Garder,Cadet,Inactive Reserves,Trooper,556 DAY(S),649 DAY(S),20191115,20190814,Barbary,Class 8 / Cycle 3,Decimate 69,Moved out of Zeta Applicant Pool 1/2/2020,,,,,,
CR-C,21999,Norris,Cadet,Inactive Reserves,Trooper,578 DAY(S),578 DAY(S),20191024,20191024,Ethan,Class 75,Phantom 74,Moved out of Zeta Applicant Pool 1/2/2020,,,,,,
CR-C,20177,Tungsten,Cadet,Inactive Reserves,Trooper,592 DAY(S),633 DAY(S),20191010,20190830,Brandon,Class 9 / Cycle 3,Valentine 60,Moved out of Zeta Applicant Pool 1/4/2020,,,,,,
CR-C,18090,Sawman,Cadet,Inactive Reserves,Trooper,563 DAY(S),655 DAY(S),20191108,20190808,Bridger,Class 6 / Cycle 3,Decimate 68,Moved to Inactive Reserves 02/01/2020 from Zeta - Inactivity,,,,,,
CR-C,11526,Kalle,Cadet,Inactive Reserves,Trooper,962 DAY(S),986 DAY(S),  20181005,  20180911,Shape,Private 9,Domino33,Moved out of Zeta Applicant Pool 2/20/2020,,,,,,
CR-C,18375,War,Cadet,Inactive Reserves,Trooper,514 DAY(S),827 DAY(S),  20191227,  20190217,Komodo,Class 100,Phantom 77,Removed from Zeta to Inactive Reserves 03/03/2020 - Inactivity,,,,,,
CR-C,97192,Chack,Cadet,Inactive Reserves,Trooper,549 DAY(S),596 DAY(S),20191122,20191006,Ripjaw,Class 17/ Cycle 3,Decimate 73,Removed from Zeta to Inactive Reserves 03/03/2020 - Inactivity,,,Moved to Inactive Reserves 09/07/19,,,
CR-C,53777,Pawn,Cadet,Inactive Reserves,Trooper,479 DAY(S),533 DAY(S),20200131,20191208,Archaic,Private 91,Bravo78,Removed from Zeta to Inactive Reserves 03/03/2020 - Inactivity,,,,,,
CR-C,20330,Metro,Cadet,Inactive Reserves,Trooper,556 DAY(S),827 DAY(S),  20191115,  20190217,Walsh,Class 101,Valentine 53,Removed from Zeta to Inactive Reserves 03/03/2020 - Inactivity,,,,,,
CR-C,42526,Sleepy,Cadet,Inactive Reserves,Trooper,479 DAY(S),587 DAY(S),20200131,20191015,Frost,Class 19/ Cycle 3,Decimate 77,Moved out of Zeta Applicant Pool 03/03/2020,,,Name changed from Ace to Sleepy 3/11/2019,,,
CR-C,12003,Gerolf,Cadet,Inactive Reserves,Trooper,479 DAY(S),525 DAY(S),20200131,20191216,Ethan,Class 32/ Cycle 3,Domino78,Moved out of Zeta Applicant Pool 03/03/2020,,,Returning Member Approved by BC Bondoer,,,
CR-C,91825,Cab,Cadet,Inactive Reserves,Trooper,451 DAY(S),483 DAY(S),20200228,20200127,Ethan,Class 32/ Cycle 3,Delta79,Moved out of Zeta Applicant Pool 04/03/2020,,,,,,
CR-C,84615,Twig,Cadet,Inactive Reserves,Trooper,451 DAY(S),478 DAY(S),20200228,20200201,Broad,Class 40/ Cycle 3,Charlie80,Moved out of Zeta Applicant Pool 04/03/2020,,,,,,
CR-C,69584,Gravity,Cadet,Inactive Reserves,Trooper,451 DAY(S),478 DAY(S),20200228,20200201,Broad,Class 40/ Cycle 3,Charlie80,Removed from Zeta to Inactive Reserves 04/04/2020 - Inactivity,,,,,,
CR-C,1337,Namenai,Cadet,Inactive Reserves,Trooper,415 DAY(S),1419 DAY(S),20200404,  20170705,Broad,-,-,Returning member approved by CX Scuba        ,,,,,,
CR-C,51398,Nobilis,Cadet,Inactive Reserves,Trooper,428 DAY(S),499 DAY(S),20200322,20200111,Magnus/Brandon/Aspect,Class 34/ Cycle 3,Alpha82,Moved out of Zeta Applicant Pool 04/22/2020,,,,,,
CR-C,73235,Pork,Cadet,Inactive Reserves,Trooper,437 DAY(S),458 DAY(S),20200313,  20200221,Ethan,Private 110,Delta81,Removed from Zeta to Inactive Reserves 05/02/2020 - Inactivity,,,,,,
CR-C,24512,Sheperd,Cadet,Inactive Reserves,Trooper,428 DAY(S),979 DAY(S),20200322,20180918,Weiss,Class 68,Alpha82,Removed from Zeta to Inactive Reserves 05/02/2020 - Inactivity,,,,,,
CR-C,70719,Staho,Cadet,Inactive Reserves,Trooper,388 DAY(S),404 DAY(S),20200501,20200415,Snorri,Class 59/ Cycle 3,Charlie85,Removed from Zeta to Inactive Reserves 05/22/2020 - Inactivity/ELOA,,,,,,
CR-C,10113,Freyja,Cadet,Inactive Reserves,Trooper,374 DAY(S),397 DAY(S),20200515,20200422,Snorri/Walsh,Private 125,Charlie86,Removed from Zeta to Inactive Reserves 06/01/2020 - Inactivity,,,,,,
CR-C,24826,Maik,Cadet,Inactive Reserves,Trooper,388 DAY(S),406 DAY(S),20200501,20200413,Weaver,Class 58/ Cycle 3,Bravo85,Moved out of Zeta Applicant Pool 06/01/2020,,,,,,
CR-C,66236,Abbadon,Cadet,Inactive Reserves,Trooper,388 DAY(S),470 DAY(S),20200501,20200209,Weiss,Class 41/ Cycle 3,Alpha83,Moved out of Zeta Applicant Pool 06/01/2020,,,,,,
CR-C,31133,Mooq,Cadet,Inactive Reserves,Trooper,388 DAY(S),427 DAY(S),20200501,20200323,Bridger/York/Shadow,Class 54/ Cycle 3,Charlie84,Moved out of Zeta Applicant Pool 06/01/2020,,,,,,
CR-C,44844,Leyra,Cadet,Inactive Reserves,Trooper,374 DAY(S),390 DAY(S),20200515,20200429,Snorri,Class 62/ Cycle 3,Foxtrot86,Moved out of Zeta Applicant Pool 06/07/2020,,,,,,
CR-C,89490,Diamond,Cadet,Inactive Reserves,Trooper,388 DAY(S),429 DAY(S),20200501,20200321,Weiss,Class 53/ Cycle 3,Charlie84,Removed from Zeta to Inactive Reserves 06/14/2020 - Inactivity,,,,,,
CR-C,22053,Accies,Cadet,Inactive Reserves,Trooper,374 DAY(S),409 DAY(S),20200515,20200410,Black,Private 122,Bravo85,Moved out of Zeta Applicant Pool 06/15/2020,,,Returning member approved by CX Scuba	,,,
CR-C,53453,Scythe,Cadet,Inactive Reserves,Trooper,357 DAY(S),531 DAY(S),20200601,20191210,Cursed,Class 32/ Cycle 3,Echo87,Moved from Zeta to Inactive Reserves 6/22/2020,,,,,,
CR-C,71258,Cleaner,Cadet,Inactive Reserves,Trooper,357 DAY(S),376 DAY(S),20200601,20200513,Weiss,Private 129,Bravo87,Moved out of Zeta Applicant Pool 06/25/2020,,,,,,
CR-C,27189,Heimdall,Cadet,Inactive Reserves,Trooper,343 DAY(S),381 DAY(S),20200615,20200508,Rayne,Class 65/ Cycle 3,Delta87,Removed from Zeta to Inactive Reserves 06/27/2020 - Requested / Inactivity,,,,Returning Member Approved by Scuba,,Name change from Boggs 20200519
CR-C,11775,Locust,Cadet,Inactive Reserves,Trooper,357 DAY(S),908 DAY(S),20200601,20181128,Spartan,-,Bravo87,Moved from Zeta to Inactive Reserves 7/02/2020 - Inactivity,,,,,,
CR-C,58729,Overflow,Cadet,Inactive Reserves,Trooper,343 DAY(S),366 DAY(S),20200615,20200523,Archaic,Private 132,Alpha88,Moved from Zeta to Inactive Reserves 07/25/2020 - Requested Discharge,,,,Probation: 15,212th Transfer Approved by CC Fancy,
CR-C,42069,Glue,Cadet,Inactive Reserves,Trooper,393 DAY(S),1224 DAY(S),20200426,  20180116,Broad,Private 112,Bravo83,Moved out of Zeta Applicant Pool 08/01/2020,,,Returning member approved by CX Scuba,,,
CR-C,54620,Joe,Cadet,Inactive Reserves,Trooper,322 DAY(S),498 DAY(S),20200706,20200112,Drammon,Class 34/ Cycle 3,Charlie89,Moved to Inactive Reserves from Zeta 08/02/2020 - Inactivity,,,,Trouble logging in to website,,
CR-C,11072,Thiliedir,Cadet,Inactive Reserves,Trooper,983 DAY(S),1077 DAY(S),  20180914,  20180612,Brandon,Private 8,Private,Moved to Inactive Reserves from Zeta 08/02/2020 - Inactivity,,,,Changed name from Stonewall 20200623,,
CR-C,11398,Paradyce,Cadet,Inactive Reserves,Trooper,388 DAY(S),404 DAY(S),20200501,20200415,Snorri,Class 59/ Cycle 3,Alpha85,Moved out of Zeta Applicant Pool 08/10/2020,,,Returning member approved by CX Scuba        ,,,
CR-C,3520,Logic,Cadet,Inactive Reserves,Trooper,803 DAY(S),1383 DAY(S),  20190313,  20170810,Bobs,-,-,Moved to Reserves from Medical Reserves 8/21/2020,,,,,,
CR-C,9253,Combs,Cadet,Inactive Reserves,Trooper,1223 DAY(S),1266 DAY(S),  20180117,  20171205,Scuba,-,-,Moved to Inactive Reserves from Zeta 08/27/2020 - Requested Discharge/LOA,,,,,,
CR-C,64873,Lucius,Cadet,Inactive Reserves,Trooper,301 DAY(S),368 DAY(S),20200727,20200521,Lucky,Class 81/ Cycle 3,Bravo91,Moved to Inactive Reserves from Zeta 09/01/2020 - Inactivity,,,,,,
CR-C,11939,Von,Cadet,Inactive Reserves,Trooper,280 DAY(S),293 DAY(S),20200817,20200804,Ethan,Class 1/ Cycle 4,Bravo93,Moved to Inactive Reserves from Zeta 09/03/2020 - Inactivity/ULOA,,,,,,
CR-C,15649,Clay,Cadet,Inactive Reserves,Warden,308 DAY(S),336 DAY(S),20200720,20200622,"Frisk, Walsh",Class 77/ Cycle 3,Alpha90,Moved from Warden to Inactive Reserves as Cadet 9/7/2020,,,,,,
CR-C,98989,Bomb,Cadet,Inactive Reserves,Trooper,357 DAY(S),392 DAY(S),20200601,20200427,Bridger,Class 62/ Cycle 3,Delta86,Moved to Inactive Reserves from Zeta 09/08/2020 - Inactivity,,,,,,
CR-C,26246,Wraith,Cadet,Inactive Reserves,Trooper,301 DAY(S),327 DAY(S),20200727,20200701,Frisk/Reck/Walsh,Class 80/ Cycle 3,Bravo91,Moved out of Zeta Applicant Pool 09/09/2020,,,Returning Member Approved by CC Player,,,
CR-C,55101,Doro,Cadet,Inactive Reserves,Trooper,301 DAY(S),322 DAY(S),20200727,20200706,Habas/Ripjaw,Class 82/ Cycle 3,Alpha91,Moved from Zeta 9/23/2020 - Left Unit,,,,,,
CR-C,40030,Durza,Cadet,Inactive Reserves,Trooper,301 DAY(S),325 DAY(S),20200727,20200703,Frisk,Class 82/ Cycle 3,Bravo91,Moved from Zeta to Inactive Reserves 10/01/2020 - AWOL (Not in unit Discords),,,,,,
CR-C,92129,Tombert,Cadet,Inactive Reserves,Trooper,983 DAY(S),1066 DAY(S),  20180914,  20180623,Mountain,Class 45,Alpha30,Moved from Zeta to inactive Reserves 11/04/2020 - Inactivity,,,,,,
CR-C,12277,Oka,Cadet,Inactive Reserves,Trooper,280 DAY(S),314 DAY(S),20200817,20200714,Snorri,Class 83/ Cycle 3,Bravo92,Moved from Zeta to inactive Reserves 11/04/2020 - Inactivity,,,,,,
CR-C,25052,Alex,Cadet,Inactive Reserves,Trooper,221 DAY(S),1085 DAY(S),  20201015,  20180604,Mountain,Class 40,Hotel29,Moved from Zeta to inactive Reserves 11/04/2020 - Inactivity,,,,,,
CR-C,42020,House,Cadet,Inactive Reserves,Trooper,189 DAY(S),232 DAY(S),20201116,20201004,Cutter,Class 18/ Cycle 4,Alpha98,Movef from Zeta to Inactives 01/25/2021,Potential AWOL,,,,,
CR-C,10519,Mech,Cadet,Inactive Reserves,Trooper,124 DAY(S),148 DAY(S),20210120,20201227,Charl,Private 153,Charlie102,Moved from Zeta 01/30/2021,Left Unit,,,,,
CR-C,38436,Yogi,Cadet,Inactive Reserves,Trooper,124 DAY(S),147 DAY(S),20210120,20201228,Hantar,Class 34/ Cycle 4,Alpha102,Moved from Zeta 01/31/2021,,,,,,
CR-C,74074,Dark,Cadet,Inactive Reserves,Trooper,124 DAY(S),149 DAY(S),20210120,20201226,Bit,Class 33/ Cycle 4,Delta102,Moved from Zeta 02/02/2021,Left Unit,,,,,
CR-C,42009,Burnt,Cadet,Inactive Reserves,Trooper,168 DAY(S),1300 DAY(S),  20201207,  20171101,Swift,-,-,Moved from Zeta Applicant Pool 02/04/2021,Returning Member Approved by CW-S Ripjaw,,,,,
CR-C,26131,Caesar,Cadet,Inactive Reserves,Trooper,202 DAY(S),202 DAY(S),20201103,20201103,Buggs,Class 26/ Cycle 4,-,Moved from Zeta Applicant Pool 02/04/2021,,,,,,
CR-C,31242,Flare,Cadet,Inactive Reserves,Trooper,212 DAY(S),379 DAY(S),20201024,20200510,Aspect,Class 65/ Cycle 3,Bravo87,Moved to Inactive Reserves 2/20/2021 -UELOA,,,,,,
CR-C,67291,Spooder,Cadet,Inactive Reserves,Trooper,111 DAY(S),112 DAY(S),20210202,20210201,Cyber/Walsh,Class 41/ Cycle 4,-,Moved to Inactive Reserves 2/22/2021,Suspected AWOL,,,,,
CR-C,34733,Demccy,Cadet,Inactive Reserves,Trooper,124 DAY(S),134 DAY(S),20210120,20210110,Bit,Private 157,Charlie103,Moved to Inactive Reserves 2/22/2021,Left Unit,Returning Member Approved by CS-M Jan,,,,
CR-C,25621,Hawk,Cadet,Inactive Reserves,Trooper,123 DAY(S),128 DAY(S),20210121,20210116,Ethan,Class 38/Cycle 4,Charlie103,Moved to Inactive Reserves 2/28/2021,Suspected AWOL,Did not complete UTC,,,,
CR-C,19853,Warson,Cadet,Inactive Reserves,Trooper,124 DAY(S),204 DAY(S),20210120,20201101,Brandon,Class 26/ Cycle 4,Charlie100,Moved to Inactives from Zeta 03/02/2021,ULOA,,,,,
CR-C,21997,Paladin,Cadet,Inactive Reserves,Trooper,71 DAY(S),1023 DAY(S),20210314,20180805,Jan,Class 31b,Charlie17,Returning Member Approved by CW-M Broad,,,,,,
CR-C,10360,Gunner,Cadet,Inactive Reserves,Trooper,111 DAY(S),112 DAY(S),20210202,20210201,Bit,Class 41/Cycle 4,Bravo104,,,,,,,
CR-C,36957,Briggs,Cadet,Inactive Reserves,Trooper,112 DAY(S),123 DAY(S),20210201,20210121,Sparticus,Private 159,-,Moved from Zeta 03/25/2021,Suspected AWOL/Did not start UTC,,,,,
CR-C,58940,Journey,Cadet,Inactive Reserves,Trooper,670 DAY(S),782 DAY(S),  20190724,  20190403,Barbary,Class 113,Valentine 57,Returning Member Approved by CC Crisis,,,,,,
CR-C,62945,Tucker,Cadet,Inactive Reserves,Trooper,102 DAY(S),106 DAY(S),20210211,20210207,Daunte,Class 41/ Cycle 4,TBD,Moved from Zeta 03/29/2021,Suspected AWOL/Did not start UTC,,,,,
CR-C,35227,Heath,Cadet,Inactive Reserves,Trooper,124 DAY(S),168 DAY(S),20210120,20201207,Kain/Spud/Snorri,Class 30/ Cycle 4,Alpha101,Returning Member Approved by CS-M Jan,Moved to Inactives 04/05/2021,Left unit,,,,
CR-C,33274,Venc,Cadet,Inactive Reserves,Trooper,130 DAY(S),130 DAY(S),20210114,20210114,Bit,Class 38/Cycle 4,Charlie103,Moved to Inactives 04/05/2021,Left unit,,,,,
CR-C,42829,Sharp,Cadet,Inactive Reserves,Trooper,124 DAY(S),136 DAY(S),20210120,20210108,Wag,Class 35/ Cycle 4,Bravo103,Moved to Inactives 04/05/2021,Left unit,,,,,
CR-C,11544,Euclid,Cadet,Inactive Reserves,Trooper,124 DAY(S),185 DAY(S),20210120,20201120,Cyber,Private 151,Alpha101,Moved to Inactives 04/05/2021,Requested Discharge,,,,,
CR-C,22034,Jerry,Cadet,Inactive Reserves,Trooper,124 DAY(S),147 DAY(S),20210120,20201228,Ethan,Class 33/ Cycle 4,Foxtrot102,Moved to Inactives 04/12/2021,Discharge - AWOL,Did not finish UTC,,,,
CR-C,59131,Falcon,Cadet,Inactive Reserves,Trooper,109 DAY(S),324 DAY(S),20210204,20200704,Sparticus,Class 42/Cycle 4,Alpha104,Moved to Inactives 04/12/2021,Discharge - AWOL,Did not finish UTC,Returning Member Approved by CC Crisis ,,,
CR-C,21268,Tanto,Cadet,Inactive Reserves,Trooper,90 DAY(S),90 DAY(S),20210223,20210223,Snorri,Class 46/Cycle 4,Alpha106,Moved to Inactives 04/12/2021,Discharge - AWOL,Did not finish UTC,,,,
CR-C,23191,Backup,Cadet,Inactive Reserves,Trooper,124 DAY(S),135 DAY(S),20210120,20210109,Bridger,Class 35/ Cycle 4,Alpha103,Moved to Inactives 04/12/2021,Discharge - AWOL,Did not finish UTC,Returning Member 12/10/2020,,,
CR-C,13275,Kost,Cadet,Inactive Reserves,Trooper,71 DAY(S),71 DAY(S),20210314,20210314,Ethan,Class 52/Cycle 4,Bravo108,Moved to Inactives 04/12/2021,Discharge - AWOL,Did not finish UTC,,,,
CR-C,47670,Connor,Cadet,Inactive Reserves,Trooper,62 DAY(S),971 DAY(S),20210323,20180926,Brandon,Class 78,Foxtrot37,Returning Member Approved by CC Crisis,Moved to Inactives 04/15/2021,Left Discord,,,,
CR-C,27202,Antle,Cadet,Inactive Reserves,Trooper,109 DAY(S),111 DAY(S),20210204,20210202,Bit,Class 42/Cycle 4,Alpha104,Moved to Inactive 4/26/2021,Discharge - AWOL,,,,,
CR-C,40904,Ferret,Cadet,Inactive Reserves,Trooper,119 DAY(S),119 DAY(S),20210125,20210125, Daunte,Private 161,TBD,Returning Member Approved by CC Player,Moved to Inactives 04/27/2021,Did not start UTC,,,,
CR-C,68102,Nook,Cadet,Inactive Reserves,Trooper,97 DAY(S),102 DAY(S),20210216,20210211,Cyber/Dusty,Class 44/Cycle 4,TBD,Moved to Inactive 4/28/2021 Returning Member Approved by CC Player,Discharge - AWOL,,,,,
CR-C,10508,Warren,Cadet,Inactive Reserves,Trooper,97 DAY(S),97 DAY(S),20210216,20210216,Law,Class 44/Cycle 4,Alpha105,Moved to Inactive 4/28/2021,Discharge - AWOL,,,,,
CR-C,23140,Clumsy,Cadet,Inactive Reserves,Trooper,39 DAY(S),39 DAY(S),20210415,20210415,Ethan,Class 59/Cycle 4,TBD,Moved to Inactive 4/28/2021,Discharge - AWOL,,,,,
CR-C,61429,Peak,Cadet,Inactive Reserves,Trooper,67 DAY(S),71 DAY(S),20210318,20210314,Daunte,Class 53/Cycle 4,Bravo107,Moved to Inactive 4/28/2021,Discharge - AWOL,,,,,
CR-C,25221,Cutter,Cadet,Inactive Reserves,Trooper,38 DAY(S),893 DAY(S),  20210416,  20181213,Klown,Class 91,Charlie49,Moved to Inactives 05/05/2021,Left unit,,,,,
CR-C,18669,Rommel,Cadet,Inactive Reserves,Trooper,124 DAY(S),767 DAY(S),20210120,  20190418,Eli,Class 1/Cycle 3,Alpha103,Moved to Inactives 05/06/2021,,,,,,
CR-C,13969,Boomer,Cadet,Inactive Reserves,Trooper,95 DAY(S),97 DAY(S),20210218,20210216,Bridger,Class 45/Cycle 4,Alpha105,Returning Member Approved by CC Player,Moved to Inactives 05/06/2021,,,,,
CR-C,45691,Johnny,Cadet,Inactive Reserves,Trooper,76 DAY(S),79 DAY(S),20210309,20210306,Charl/Daunte,Class 50/Cycle 4,TBD,Moved to Inactives 05/09/2021,,,,,,
CR-C,12041,Dubbington,Cadet,Inactive Reserves,Trooper,124 DAY(S),295 DAY(S),20210120,20200802,Snorri/Walsh,Class 1/ Cycle 4,Charlie104,Name Changed from Dubby approved by CC Player  Moved to Inactives 05/09/2021,,,,,,
CR-C,18246,Alcatraz,Cadet,Inactive Reserves,Trooper,41 DAY(S),43 DAY(S),20210413,20210411,Ethan,Class58/Cycle 4,Bravo109,Moved to Inactive 5/11/2021,,,,,,
CR-C,10422,Rails,Cadet,Inactive Reserves,Trooper,343 DAY(S),377 DAY(S),20200615,20200512,Weaver,Class 66/ Cycle 3,Alpha87,Former 212th Member approved by Scuba,,,,,,
CR-C,71179,Krios,Cadet,Inactive Reserves,Trooper,429 DAY(S),505 DAY(S),20200321,20200105,Ethan,Class 33/ Cycle 3,Alpha78,Returning Member approved by CW-S Kyrie,,,,,,
CR-C,25221,Cutter,Cadet,Inactive Reserves,Trooper,38 DAY(S),893 DAY(S),  20210416,  20181213,Klown,Class 91,Charlie49,Non Garc Transfer,Moved to Inactive 5/17/2021,,,,,
CR-C,17189,Scavenger,Cadet,Inactive Reserves,Trooper,5 DAY(S),4 DAY(S),  20210519,  20210520,Ethan,Class 29/ Cycle 3,Alpha78,,,,,,,
UTC Roster List,,,,,,,,,,,,,,,,,,,
UTC Graduation (12/7/2020),,,,,,,,,,,,,,,,,,,
CR-C,11395,Morris,Cadet,Inactive Reserves,Support,168 DAY(S),204 DAY(S),20201207,20201101,Brandon,Class 25/ Cycle 4,Alpha100,Returning member approved by CC Lava,,,,,,
Active UTC Cadets,,,,,,,,,,,,,,,,,,,
CR-C,10907,Xeno,Cadet,Training,Trooper,124 DAY(S),152 DAY(S),20210120,20201223,Aspect,Private 153,Foxtrot102,Website Issues,,,,,,
Did not Graduate UTC,,,,,,,,,,,,,,,,,,,
CR-C,62987,Fearless,Cadet,Training,Support,124 DAY(S),138 DAY(S),20210120,20210106,Hantar,Class 34/ Cycle 4,Foxtrot102,,,,,,,
CR-C,13265,Madius,Cadet,Training,Support,124 DAY(S),147 DAY(S),20210120,20201228,Hantar,Private 154,Charlie102,,,,,,,
CR-C,20099,Thaw,Cadet,Training,Trooper,124 DAY(S),143 DAY(S),20210120,20210101,Bridger,Class 33/ Cycle 4,Bravo102,,,,,,,
CR-C,88620,Blue,Cadet,Training,Trooper,124 DAY(S),172 DAY(S),20210120,20201203,Weiss,Private 151,Alpha101,,,,,,,
CR-C,40619,Titan,Cadet,Training,Medic,124 DAY(S),250 DAY(S),20210120,20200916,Genesis,Class 13/ Cycle 4,Alpha96,,,,,,,
CR-C,59253,Ryan,Cadet,Training,Trooper,479 DAY(S),839 DAY(S),20200131,  20190205,Kaj,Class 97,Bravo78,,,,,,,
CR-C,23581,Fayvin,Cadet,Training,Medic,479 DAY(S),505 DAY(S),20200131,20200105,Rayne,Class 32/ Cycle 3,Charlie78,,,,,,,
CR-C,63633,Drogo,Cadet,Training,Trooper,479 DAY(S),505 DAY(S),20200131,20200105,Weiss,Class 32/ Cycle 3,Delta78,,,,,,,
CR-C,10667,Grondus,Cadet,Training,Support,124 DAY(S),319 DAY(S),20210120,20200709,Bridger,Class 84/ Cycle 3,Alpha92,Returning member approved by CX Scuba,,,,,,
CR-C,77425,Hartman,Cadet,Training,RTO,124 DAY(S),308 DAY(S),20210120,20200720,Weiss,Private 141,Alpha92,,,,,,,
CR-C,58172,Vodka,Cadet,Training,Grenadier,124 DAY(S),319 DAY(S),20210120,20200709,Bridger,Class 83/ Cycle 3,Alpha92,,,,,,,
CR-C,99099,Othelos,Cadet,Training,Trooper,124 DAY(S),305 DAY(S),20210120,20200723,Weiss/Genesis,Class 87/ Cycle 3,Bravo93,"Could not sign into website after changing steam name, Redirected to steam main page",,,,,,
CR-C,14560,Lemons,Cadet,Training,Medic,124 DAY(S),312 DAY(S),20210120,20200716,Sparticus,Class 88/ Cycle 3,Charlie93,,,,,,,
CR-C,10734,Butterz,Cadet,Training,Grenadier,124 DAY(S),295 DAY(S),20210120,20200802,Genesis/Aspect,Class 1/ Cycle 4,Delta93,Returning Member Approved by CC Player,,,,,,
CR-C,11951,Jordan,Cadet,Training,Trooper,124 DAY(S),538 DAY(S),20210120,20191203,Ethan,Private 85,Alpha94,Listed as CR Jordan1 on Website,,,,,,
CR-C,72929,Whiplash,Cadet,Training,Medic,124 DAY(S),280 DAY(S),20210120,44060,Weaver,Class 5/ Cycle 4,Alpha94,,,,,,,
CR-C,48732,Stealth,Cadet,Training,Trooper,124 DAY(S),282 DAY(S),20210120,20200815,Habas,Private 144,Bravo84,,,,,,,
CR-C,11239,Ones,Cadet,Training,Marksman,124 DAY(S),284 DAY(S),20210120,20200813,Reck,Class 4/ Cycle 4,Bravo84,,,,,,,
CR-C,43857,Tyr,Cadet,Training,Support,124 DAY(S),284 DAY(S),20210120,44056,Fenrir,Class 5/ Cycle 4,Charlier94,,,,,,,
CR-C,91301,Rhine,Cadet,Training,RTO,124 DAY(S),588 DAY(S),20210120,20191014,Frost,Class 17/ Cycle 3,Alpha95,Lava Approved Returning Member Left unit: 29/11/2019 Returning: 29/08/2020 Changed name to CR Blank,,,,,,
CR-C,86289,Phresh,Cadet,Training,Grenadier,124 DAY(S),275 DAY(S),20210120,20200822,Hantar,Class 8/ Cycle 4,Charlie95,,,,,,,
CR-C,73001,Mac,Cadet,Training,Trooper,124 DAY(S),275 DAY(S),20210120,20200822,Hantar,Class 6/ Cycle 4,Charlie95,212th Transfer approved by CW-M Broad,,,,,,
CR-C,31725,Chaotic,Cadet,Training,Marksman,124 DAY(S),266 DAY(S),20210120,20200831,Hantar,Class 9/ Cycle 4,Charlie95,"Former member of the 212th, approved by CS-M Jan",,,,,,
CR-C,77533,Falafel,Cadet,Training,Marksman,124 DAY(S),250 DAY(S),20210120,20200916,Genesis,Class 13/ Cycle 4,Alpha96,,,,,,,
CR-C,16579,Paper,Cadet,Training,Grenadier,124 DAY(S),274 DAY(S),20210120,20200823,Ethan/Hantar,Class 7/ Cycle 4,Bravo96,,,,,,,
CR-C,51331,Herman,Cadet,Training,Trooper,124 DAY(S),251 DAY(S),20210120,20200915,Hantar,Class 13/ Cycle 4,Charlie96,,,,,,,
CR-C,29954,Falcon,Cadet,Training,Assault,124 DAY(S),258 DAY(S),20210120,20200908,Aspect,Class 13/ Cycle 4,Charlie96,Needs Name Change,,,,,,
CR-C,95382,Distortion,Cadet,Training,Marksmen,124 DAY(S),237 DAY(S),20210120,09/29/2020,Cyber,Class 17/ Cycle 4,Bravo97,,,,,,,
CR-C,78255,Telshi,Cadet,Training,Trooper,124 DAY(S),239 DAY(S),20210120,20200927,Ethan/Shadow,Class 16/ Cycle 4,Bravo97,,,,,,,
CR-C,76459,Tzar,Cadet,Training,RTO,124 DAY(S),240 DAY(S),20210120,20200926,Sparticus,Class 16/ Cycle 4,Bravo97,,,,,,,
CR-C,13137,Cunningham,Cadet,Training,RTO,124 DAY(S),281 DAY(S),20210120,20200816,Fluorite,Class 5/ Cycle 4,Bravo97,,,,,,,
CR-C,27529,David,Cadet,Training,Trooper,124 DAY(S),224 DAY(S),20210120,20201012,Singed,Class 19/ Cycle 4,Alpha98,Probation: 14,,,,,,
CR-C,38910,Lego,Cadet,Training,Trooper,124 DAY(S),239 DAY(S),20210120,20200927,Ethan,Class 17/ Cycle 4,Alpha98,,,,,,,
CR-C,30105,Aussie,Cadet,Training,Support,124 DAY(S),416 DAY(S),20210120,20200403,Weiss,Private 121,Alpha98,Probation: 14,,,,,,
CR-C,11070,Vexer,Cadet,Training,Support,124 DAY(S),207 DAY(S),20210120,20201029,Habas,Class 11/ Cycle 3,Bravo99,Returning Member approved by CC Crisis,,,,,,
CR-C,22140,Gobbo,Cadet,Training,Medic,124 DAY(S),212 DAY(S),20210120,20201024,Wag,Class 24/ Cycle 4,Bravo99,,,,,,,
CR-C,48612,London,Cadet,Training,Trooper,124 DAY(S),710 DAY(S),20210120,20190614,Walsh/Spark,Class 134,Bravo99,Returning member approved by CW-M Broad,,,,,,
CR-C,59072,Dayton,Cadet,Training,RTO,124 DAY(S),210 DAY(S),20210120,20201026,Ethan,Class 24/ Cycle 4,Bravo99,Probation: 14,,,,,,
CR-C,15037,Gabriel,Cadet,Training,Trooper,124 DAY(S),216 DAY(S),20210120,20201020,Ethan,Class 22/ Cycle 4,Bravo100,Probation: 14,,,,,,
CR-C,21894,Gael,Cadet,Training,Support,124 DAY(S),196 DAY(S),20210120,20201109,Fenrir,Class 27/ Cycle 4,Charlie100,Charl 1st Sit In,,,,,,
CR-C,4147,Rax,Cadet,Reserves,Trooper,70 DAY(S),70 DAY(S),20210315,20210315,Cougar,-,-,Returning member approved by CC Crisis,,,,,,
CR-C,22091,Gruber,Cadet,Zeta 3-3,Trooper,116 DAY(S),118 DAY(S),20210128,20210126,Law,Class 39 ,Alpha104,Moved to inactive 5/10/21,,,,,,
CR-C,27034,Driver,Cadet,Zeta 3-3,Trooper,97 DAY(S),98 DAY(S),20210216,20210215,Snorri,Class 44/Cycle 4,Charlie105,Moved to inactive 5/10/21,,,,,,
CR-C,52867,Taiyou,Cadet,Zeta 3-3,Trooper,83 DAY(S),85 DAY(S),20210302,20210228,Ethan,Class 48/ Cycle 4,Alpha106,Moved to inactive 5/10/21,,Probation:,Non Garc Transfer,,,
CR-C,57352,Sig,Cadet,Zeta 3-3,Trooper,109 DAY(S),109 DAY(S),20210204,20210204,Sparticus/Ethan,Class 42/Cycle 4,Bravo104,Moved to inactive 5/10/21,,,,,,
BCT Roster List,,,,,,,,,,,,,,,,,,,
"CR Initial Training Class, Date Stamp: (5/06/2021) Class #64 Cycle 4",,,,,,,,,,,,,,,,,,,
CR,24042,Hunt,Recruit,Training,Medic,4 DAY(S),4 DAY(S),20210520,20210520,Atom,Class 64/ Cycle 4,,,,,,,,
CR,17469,Caz,Recruit,Training,Trooper,4 DAY(S),4 DAY(S),20210520,20210520,Ethan,Class 64/ Cycle 4,,,,,,,,
CR,11252,Wick,Recruit,Training,Marksman,6 DAY(S),6 DAY(S),20210518,20210518,Ethan,Class 64/ Cycle 4,,,,,,,,
CR,28537,Hodge,Recruit,Training,RTO,11 DAY(S),11 DAY(S),20210513,20210513,Atom,Class 64/ Cycle 4,,Atom 3rd step supervised by Ethan,,,,,,
CR,18055,Jumped,Recruit,Training,Medic,24 DAY(S),24 DAY(S),20210430,20210430,Brandon,Class 64/ Cycle 4,,,,,,,,
"CR Initial Training Class, Date Stamp: (2/16/2021) Class #63 Cycle 4",,,,,,,,,,,,,,,,,,,
CR,50723,Alphonse,Recruit,Training,Assault,7 DAY(S),7 DAY(S),20210517,20210517,Ethan,Class 63/ Cycle 4,,,,,,,,
CR,65165,Dets,Recruit,Training,Trooper,14 DAY(S),14 DAY(S),20210510,20210510,Kaj,Class 63/ Cycle 4,,Returning Member approved by CX-S Kaj,,,,,,
CR,29892,Hugs,Recruit,Training,Trooper,17 DAY(S),1080 DAY(S),20210507,  20180609,Verax,Class 63/ Cycle 4,,Returning Member approved by CW-S Kyrie,,,,,,
CR,19056,Rinzler,Recruit,Training,Medic,7 DAY(S),7 DAY(S),20210517,20210517,Atom,Class 63/ Cycle 4,,,,,,,,
"CR Initial Training Class, Date Stamp: (2/16/2021) Class #44 Cycle 4",,,,,,,,,,,,,,,,,,,
CR-C,83519,Gojo,Cadet,Training,Medic,97 DAY(S),98 DAY(S),20210216,20210215,Snorri,Class 44/ Cycle 4,,,,,,,,
"CR Initial Training Class, Date Stamp: (2/02/2021) Class #41 Cycle 4",,,,,,,,,,,,,,,,,,,
CR-C,43120,Avalon,Cadet,Training,Support,112 DAY(S),112 DAY(S),20210201,20210201,Wag,Class 41/ Cycle 4,,,,,,,,
"CR Initial Training Class, Date Stamp: (1/14/2021) Class #36 Cycle 4",,,,,,,,,,,,,,,,,,,
CR-C,19493,Derri,Cadet,Training,Medic,124 DAY(S),152 DAY(S),20210120,20201223,Hantar,Class 36/ Cycle 4,,"91st Transfer, Approved by CS-M Odin",,,,,,
CR-C,50511,Dubzie,Cadet,Training,Marksman,124 DAY(S),139 DAY(S),20210120,20210105,Charl,Class 36/ Cycle 4,,Can't Login into website,,,,,,
"CR Initial Training Class, Date Stamp: (1/13/2021) Class #35 Cycle 4",,,,,,,,,,,,,,,,,,,
CR-C,57158,Apollo,Cadet,Training,Trooper,124 DAY(S),133 DAY(S),20210120,20210111,Ethan,Class 35/ Cycle 4,,Returning Member Approved by CS-M Jan,,,,,,
CR-C,42829,Sharp,Cadet,Training,Assault,124 DAY(S),136 DAY(S),20210120,20210108,Wag,Class 35/ Cycle 4,,,,,,,,
Cha,,,,,,,,,,,,,,,,,,,
CR-C,95967,Chillz,Cadet,Training,Trooper,124 DAY(S),150 DAY(S),20210120,20201225,Charl,Class 33/ Cycle 4,,,,,,,,
"CR Initial Training Class, Date Stamp: (12/15/2020) Class #32 Cycle 4",,,,,,,,,,,,,,,,,,,
CR-C,12507,Cross,Cadet,Training,Medic,124 DAY(S),158 DAY(S),20210120,20201217,Hantar,Class 32/ Cycle 4,,,,,,,,
"CR Initial Training Class, Date Stamp: (12/15/2020) Class #31 Cycle 4",,,,,,,,,,,,,,,,,,,
CR-C,31104,Shaon,Cadet,Training,Medic,124 DAY(S),160 DAY(S),20210120,20201215,Vakarian,Class 31/ Cycle 4,,,,,,,,
CR-C,30099,Koala,Cadet,Training,Marksman,124 DAY(S),160 DAY(S),20210120,20201215,Ethan/Snorri,Class 31/ Cycle 4,,Can't Login into website,,,,,,
CR-C,13370,Rhode,Cadet,Training,Medic,124 DAY(S),160 DAY(S),20210120,20201215,Ethan/Snorri,Class 31/ Cycle 4,,,,,,,,
CR-C,28590,Lethal,Cadet,Training,Assault,124 DAY(S),160 DAY(S),20210120,20201215,Ethan,Class 31/ Cycle 4,,,,,,,,
"CR Initial Training Class, Date Stamp: (12/10/2020) Class #30 Cycle 4",,,,,,,,,,,,,,,,,,,
CR-C,42159,Conway,Cadet,Training,Assault,124 DAY(S),169 DAY(S),20210120,20201206,Snorri,Class 30/ Cycle 4,,,,,,,,
"CR Initial Training Class, Date Stamp: (11/26/2020) Class #29 Cycle 4",,,,,,,,,,,,,,,,,,,
CR-C,49317,Mentos,Cadet,Training,Marksman,124 DAY(S),185 DAY(S),20210120,20201120,Cyber,Class 29/ Cycle 4,,212th Transfer approved by CS-M Jan,,,,,,
"CR Initial Training Class, Date Stamp: (11/10/2020) Class #27 Cycle 4",,,,,,,,,,,,,,,,,,,
CR-C,13939,Midas,Cadet,Training,Trooper,124 DAY(S),196 DAY(S),20210120,20201109,Super,Class 27/ Cycle 4,,,,,,,,
"CR Initial Training Class, Date Stamp: (11/5/2020) Class #26 Cycle 4",,,,,,,,,,,,,,,,,,,
CR-C,35412,Siege,Cadet,Training,RTO,124 DAY(S),200 DAY(S),20210120,20201105,Ethan,Class 26/ Cycle 4,,,,,,,,
"CR Initial Training Class, Date Stamp: (10/27/2020) Class #23 Cycle 4",,,,,,,,,,,,,,,,,,,
CR-C,75674,Blur,Cadet,Training,Marksman,124 DAY(S),210 DAY(S),20210120,20201026,Ethan,Class 23/ Cycle 4,,Probation: 14,,,,,,
CR-C,82828,Torim,Cadet,Training,Trooper,124 DAY(S),214 DAY(S),20210120,20201022,Fluorite,Class 23/ Cycle 4,,Returning member approved by CS-M Jan,,,,,,
"CR Initial Training Class, Date Stamp: (10/22/2020) Class #22 Cycle 4",,,,,,,,,,,,,,,,,,,
CR-C,32801,Tydus,Cadet,Training,Trooper,124 DAY(S),216 DAY(S),20210120,20201020,Weaver,Class 22/ Cycle 4,,,,,,,,
CR-C,49330,Seffye,Cadet,Training,Medic,124 DAY(S),215 DAY(S),20210120,20201021,Fluorite,Class 22/ Cycle 4,,,,,,,,
CR-C,27435,Yukov,Cadet,Training,Trooper,124 DAY(S),214 DAY(S),20210120,20201022,Fluorite,Class 22/ Cycle 4,,Returning member approved by CS-M Jan,,,,,,
"CR Initial Training Class, Date Stamp: (10/20/2020) Class #21 Cycle 4",,,,,,,,,,,,,,,,,,,
CR-C,93500,Setanta,Cadet,Training,Trooper,124 DAY(S),216 DAY(S),20210120,20201020,Walsh,Class 21/ Cycle 4,,Name Changed from Cchulainn to Setanta approved by CP Courtney on 10/21/2020,,,,,,
CR-C,19114,Temmpo,Cadet,Training,Trooper,124 DAY(S),217 DAY(S),20210120,20201019,Ethan,Class 21/ Cycle 4,,Probation: 14,,,,,,
CR-C,72732,Shrapnel,Cadet,Training,Assault,124 DAY(S),217 DAY(S),20210120,20201019,Signed,Class 21/ Cycle 4,,,,,,,,
CR-C,99852,Senez,Cadet,Training,Trooper,124 DAY(S),216 DAY(S),20210120,20201020,Black,Class 21/ Cycle 4,,,,,,,,
CR-C,90909,Gyro,Cadet,Training,Medic,124 DAY(S),216 DAY(S),20210120,20201020,Weaver,Class 21/ Cycle 4,,Previous StarSim-Approved by CX Scuba,,,,,,
CR-C,58170,Tobias,Cadet,Training,Medic,124 DAY(S),216 DAY(S),20210120,20201020,Ethan,Class 21/ Cycle 4,,,,,,,,
"CR Initial Training Class, Date Stamp: (10/13/2020) Class #20 Cycle 4",,,,,,,,,,,,,,,,,,,
CR-C,24351,Campbell,Cadet,Training,Marksman,124 DAY(S),225 DAY(S),20210120,20201011,Singed,Class 20/ Cycle 4,,,,,,,,
"CR Initial Training Class, Date Stamp: (10/06/2020) Class #18 Cycle 4",,,,,,,,,,,,,,,,,,,
CR-C,96533,Checkmate,Cadet,Training,Marksman,124 DAY(S),235 DAY(S),20210120,20201001,Ethan,Class 18/ Cycle 4,,,,,,,,
CR-C,56578,Sivil,Cadet,Training,RTO,124 DAY(S),230 DAY(S),20210120,20201006,Ethan,Class 18/ Cycle 4,,,,,,,,
"CR Initial Training Class, Date Stamp: (10/01/2020) Class #17 Cycle 4",,,,,,,,,,,,,,,,,,,
CR-C,51195,Bojax,Cadet,Training,Trooper,124 DAY(S),244 DAY(S),20210120,44096,Bridger,Class 17/ Cycle 4,,,,,,,,
CR-C,38910,Lego,Cadet,Training,Trooper,124 DAY(S),239 DAY(S),20210120,44101,Ethan,Class 17/ Cycle 4,,,,,,,,
"CR Initial Training Class, Date Stamp: (09/29/2020) Class #16 Cycle 4",,,,,,,,,,,,,,,,,,,
CR-C,78192,Eddward,Cadet,Training,Marksman,124 DAY(S),239 DAY(S),20210120,20200927,Fluorite,Class 16/ Cycle 4,,,,,,,,
CR-C,44894,Sneaker,Cadet,Training,Medic,124 DAY(S),243 DAY(S),20210120,20200923,Bridger,Class 16/ Cycle 4,,,,,,,,
CR-C,51330,Cosmo,Cadet,Training,Marksman,124 DAY(S),239 DAY(S),20210120,20200927,Ethan,Class 16/ Cycle 4,,,,,,,,
"CR Initial Training Class, Date Stamp: (09/24/2020) Class #15 Cycle 4",,,,,,,,,,,,,,,,,,,
CR-C,61453,Mini,Cadet,Training,Support,124 DAY(S),244 DAY(S),20210120,20200922,Weiss,Class 15/ Cycle 4,,,,,,,,
CR-C,13936,Coil,Cadet,Training,Medic,124 DAY(S),242 DAY(S),20210120,20200924,Ethan,Class 15/ Cycle 4,,,,,,,,
"CR Initial Training Class, Date Stamp: (09/22/2020) Class #14 Cycle 4",,,,,,,,,,,,,,,,,,,
CR-C,21080,Citron,Cadet,Training,Medic,124 DAY(S),246 DAY(S),20210120,20200920,Hantar/Habas,Class 14/ Cycle 4,,,,,,,,
CR-C,61496,Fizz,Cadet,Training,Trooper,124 DAY(S),245 DAY(S),20210120,20200921,Virtox,Class 14/ Cycle 4,,,,,,,,
CR-C,50169,Sassy,Cadet,Training,Marksman,124 DAY(S),253 DAY(S),20210120,20200913,Virtox,Class 14/ Cycle 4,,,,,,,,
"CR Initial Training Class, Date Stamp: (09/15/2020) Class #12 Cycle 4",,,,,,,,,,,,,,,,,,,
CR-C,12110,Overhead,Cadet,Training,RTO,124 DAY(S),252 DAY(S),20210120,20200914,"Ethan, Walsh",Class 12/ Cycle 4,,,,,,,,
"CR Initial Training Class, Date Stamp: (09/08/2020) Class #10 Cycle 4",,,,,,,,,,,,,,,,,,,
CR-C,19117,Mobius,Cadet,Training,Medic,124 DAY(S),259 DAY(S),20210120,20200907,Hantar,Class 10/ Cycle 4,,Former member of the 212th(Discharged),,,,,,
"CR Initial Training Class, Date Stamp: (09/03/2020) Class #9 Cycle 4",,,,,,,,,,,,,,,,,,,
CR-C,59963,Marlyse,Cadet,Training,Trooper,124 DAY(S),267 DAY(S),20210120,20200830,Habas,Class 9/ Cycle 4,,,,,,,,
"CR Initial Training Class, Date Stamp: (08/27/2020) Class #7 Cycle 4",,,,,,,,,,,,,,,,,,,
CR-C,13022,Clickerz,Cadet,Training,Marksman,124 DAY(S),280 DAY(S),20210120,20200817,Genesis,Class 7/ Cycle 4,,,,,,,,
"CR Initial Training Class, Date Stamp: (08/23/2020) Class #6 Cycle 4",,,,,,,,,,,,,,,,,,,
CR-C,73001,Mac,Cadet,Training,Trooper,124 DAY(S),275 DAY(S),20210120,20200822,Hantar,Class 6/ Cycle 4,,212th Transfer approved by CW-M Broad,,,,,,
CR-C,73812,Orzac,Cadet,Training,Trooper,124 DAY(S),272 DAY(S),20210120,20200825,Hantar,Class 6/ Cycle 4,,,,,,,,
"CR Initial Training Class, Date Stamp: (08/18/2020) Class #5 Cycle 4",,,,,,,,,,,,,,,,,,,
CR-C,72929,Whiplash,Cadet,Training,Medic,124 DAY(S),280 DAY(S),20210120,44060,Weaver,Class 5/ Cycle 4,,,,,,,,
"CR Initial Training Class, Date Stamp: (08/13/2020) Class #4 Cycle 4",,,,,,,,,,,,,,,,,,,
CR-C,85212,Alloy,Cadet,Training,Marksman,124 DAY(S),290 DAY(S),20210120,20200807,Cyber,Class 4/ Cycle 4,,Returning member approved by CC Player,,,,,,
CR-C,35708,Verda,Cadet,Training,Trooper,124 DAY(S),289 DAY(S),20210120,20200808,Brandon,Class 4/ Cycle 4,,,,,,,,
CR-C,78460,Tarno,Cadet,Training,Medic,124 DAY(S),285 DAY(S),20210120,20200812,Ethan,Class 4/ Cycle 4,,,,,,,,
"CR Initial Training Class, Date Stamp: (08/11/2020) Class #3 Cycle 4",,,,,,,,,,,,,,,,,,,
CR-C,14532,Pizza,Cadet,Training,Medic,124 DAY(S),289 DAY(S),20210120,20200808,Snorri,Class 3/ Cycle 4,,,,,,,,
CR-C,83827,Pickett,Cadet,Training,Support,124 DAY(S),287 DAY(S),20210120,20200810,Hantar,Class 3/ Cycle 4,,,,,,,,
"CR Initial Training Class, Date Stamp: (08/06/2020) Class #2 Cycle 4",,,,,,,,,,,,,,,,,,,
CR-C,77077,Seven,Cadet,Training,Support,124 DAY(S),291 DAY(S),20210120,20200806,Flourite/Snorri,Class 2/ Cycle 4,,,,,,,,
CR-C,44606,Dozer,Cadet,Training,RTO,124 DAY(S),298 DAY(S),20210120,20200730,Snorri,Class 2/ Cycle 4,,,,,,,,
"CR Initial Training Class, Date Stamp: (08/05/2020) Class #1 Cycle 4",,,,,,,,,,,,,,,,,,,
CR-C,17290,Garcia,Cadet,Training,Trooper,124 DAY(S),293 DAY(S),20210120,20200804,Flourite,Class 1/ Cycle 4,,,,,,,,
"CR Initial Training Class, Date Stamp: (07/30/2020) Class #88 Cycle 3",,,,,,,,,,,,,,,,,,,
CR-C,32700,Warning,Cadet,Training,Medic,124 DAY(S),305 DAY(S),20210120,20200723,Weiss/Genesis,Class 88/ Cycle 3,,,,,,,,
"CR Initial Training Class, Date Stamp: (07/28/2020) Class #87 Cycle 3",,,,,,,,,,,,,,,,,,,
CR-C,95832,Evil,Cadet,Training,Grenadier,124 DAY(S),300 DAY(S),20210120,20200728,Aspect,Class 87/ Cycle 3,,,,,,,,
"CR Initial Training Class, Date Stamp: (07/23/2020) Class #86 Cycle 3",,,,,,,,,,,,,,,,,,,
CR-C,76251,Belgian,Cadet,Training,Grenadier,124 DAY(S),315 DAY(S),20210120,20200713,Ethan/Walsh/Snorri,Class 86/ Cycle 3,,Possible Troll,,,,,,
CR-C,46603,Tiger,Cadet,Training,Medic,124 DAY(S),307 DAY(S),20210120,20200721,Flourite,Class 86/ Cycle 3,,,,,,,,
CR-C,50120,James,Cadet,Training,Trooper,124 DAY(S),306 DAY(S),20210120,20200722,Ethan,Class 86/ Cycle 3,,Probation: 15,Could not sign into website,,,,,
"CR Initial Training Class, Date Stamp: (07/09/2020) Class #82 Cycle 3",,,,,,,,,,,,,,,,,,,
CR-C,30325,Kaph,Cadet,Training,Medic,124 DAY(S),319 DAY(S),20210120,20200709,Virtox,Class 82/ Cycle 3,,,,,,,,
"CR Initial Training Class, Date Stamp: (07/07/2020) Class #81 Cycle 3",,,,,,,,,,,,,,,,,,,
CR-C,96965,Raily,Cadet,Training,Trooper,124 DAY(S),324 DAY(S),20210120,20200704,Buggs/Dusty,Class 81/ Cycle 3,,,,,,,,
"CR Initial Training Class, Date Stamp: (07/02/2020) Class #80 Cycle 3",,,,,,,,,,,,,,,,,,,
CR-C,21455,Reacher,Cadet,Training,Trooper,124 DAY(S),326 DAY(S),20210120,20200702,Virtox,Class 80/ Cycle 3,,,,,,,,
"CR Initial Training Class, Date Stamp: (06/30/2020) Class #79 Cycle 3",,,,,,,,,,,,,,,,,,,
CR-C,98647,Cairo,Cadet,Training,Marksman,124 DAY(S),331 DAY(S),20210120,20200627,Ethan,Class 79/ Cycle 3,,,,,,,,
CR-C,16151,Serious,Cadet,Training,Marksman,124 DAY(S),331 DAY(S),20210120,20200627,Bridger,Class 79/ Cycle 3,,,,,,,,
CR-C,12230,Punisher,Cadet,Training,Medic,124 DAY(S),329 DAY(S),20210120,20200629,Virtox/Shadow,Class 79/ Cycle 3,,,,,,,,
"CR Initial Training Class, Date Stamp: (06/25/2020) Class #78 Cycle 3",,,,,,,,,,,,,,,,,,,
CR-C,46931,Carbon,Cadet,Training,Medic,124 DAY(S),339 DAY(S),20210120,20200619,Spark,Class 78/ Cycle 3,,Probation: 15,,,,,,
"CR Initial Training Class, Date Stamp: (06/23/2020) Class #77 Cycle 3",,,,,,,,,,,,,,,,,,,
CR-C,11079,Skittera,Cadet,Training,Trooper,124 DAY(S),338 DAY(S),20210120,20200620,Ethan,Class 77/ Cycle 3,,,,,,,,
CR-C,92832,Forte,Cadet,Training,Trooper,124 DAY(S),336 DAY(S),20210120,20200622,"Frisk, Walsh",Class 77/ Cycle 3,,,,,,,,
"CR Initial Training Class, Date Stamp: (06/16/2020) Class #75 Cycle 3",,,,,,,,,,,,,,,,,,,
CR-C,80805,Mocker,Cadet,Training,Medic,124 DAY(S),345 DAY(S),20210120,20200613,Snorri,Class 75/ Cycle 3,,,,,,,,
"CR Initial Training Class, Date Stamp: (10/08/2019) Class #15 Cycle 3",,,,,,,,,,,,,,,,,,,
CR-C,25796,Reaper,Cadet,Training,Marksman,124 DAY(S),596 DAY(S),20210120,20191006,Ripjaw,Class 15/ Cycle 3,,,,,,,,
"CR Initial Training Class, Date Stamp: (02/07/2019) Class #97 AMU",,,,,,,,,,,,,,,,,,,
CR-C,93567,June,Cadet,Training,RTO,124 DAY(S),862 DAY(S),20210120,  20190113,Darkstar,Class 97,,Returning member approved by CC Bondoer,,Name change from Sierra 06/04/19,Filed ELOA 20190604 from 20190605 to 20200901,,,
CR Initial Private Trainings,,,,,,,,,,,,,,,,,,,
CR,51180,Douglas,Recruit,Training,Medic,16 DAY(S),16 DAY(S),20210508,20210508,Ethan,Private 172,,Atom 1st sit in,Prohibition (14),,,,,
CR-C,74259,Noob,Cadet,Training,Marksman,105 DAY(S),114 DAY(S),20210208,20210130, Daunte,Private 160,,,,,,,,
CR-C,19999,Soil,Cadet,Training,Trooper,124 DAY(S),178 DAY(S),20210120,20201127,Bridger,Private 156,,,,,,,,
CR-C,10525,Windso,Cadet,Training,Medic,124 DAY(S),138 DAY(S),20210120,20210106,Brandon,Private 155,,,,,,,,
CR-C,12382,Belg,Cadet,Training,Marksman,124 DAY(S),147 DAY(S),20210120,20201228,Hantar,Private 154,,,,,,,,
CR-C,69356,Jakob,Cadet,Training,Medic,124 DAY(S),156 DAY(S),20210120,20201219,Ethan,Private 153,,Probation: 15,Former 104th Member,,,,,
CR-C,63902,Badger,Cadet,Training,Support,124 DAY(S),175 DAY(S),20210120,20201130,Hantar,Private 150,,,,,,,,
CR-C,29506,Skater,Cadet,Training,Medic,124 DAY(S),221 DAY(S),20210120,20201015,Wag,Private 149,,Probation: 14,,,,,,
CR-C,19012,Ambulance,Cadet,Training,Trooper,124 DAY(S),191 DAY(S),20210120,20201114,Ethan,Private 148,,,,,,,,
CR-C,12096,Gungnir,Cadet,Training,Medic,124 DAY(S),261 DAY(S),20210120,20200905,Cyber,Private 147,,Name changed from Crazy by CC Drifter,,,,,,
CR-C,78888,Flyer,Cadet,Training,Medic,124 DAY(S),290 DAY(S),20210120,20200807,Sparticus,Private 143,,Probation: 14,Returning member approved by CX Scuba,,,,,
CR-C,70283,Lancs,Cadet,Training,Trooper,124 DAY(S),341 DAY(S),20210120,20200617,Snorri,Private 140,,,,,,,,
CR-C,20987,Lynn,Cadet,Training,Grenadier,124 DAY(S),341 DAY(S),20210120,20200617,Dusty,Private 139,,Still downloading mods,Name changed from Fred 06/17/20,,,,,
CR-C,82911,Byers,Cadet,Training,Support,124 DAY(S),362 DAY(S),20210120,20200527,Twine,Private 138,,,,,,,,
CR-C,59510,Don,Cadet,Training,Support,124 DAY(S),380 DAY(S),20210120,20200509,Ethan,Private 137,,,,,,,,
CR-C,15014,Sandman,Cadet,Training,Support,124 DAY(S),471 DAY(S),20210120,20200208,Rayne,Private 106,,"Inactive, needs namechange if he returns",,,,,,
Previous BCT/UTC Classes,,,,,,,,,,,,,,,,,,,
CR-C,26053,Aleks,Cadet,Training,RTO,124 DAY(S),315 DAY(S),20210120,20200713,Ethan/Walsh/Snorri,Class 83/ Cycle 3,,,,,,,,
CR-C,25767,Ripkin,Cadet,Training,Trooper,124 DAY(S),314 DAY(S),20210120,20200714,Snorri/Fluorite,Class 85/ Cycle 3,,,,,,,,
CR-C,50120,James,Cadet,Training,Trooper,124 DAY(S),306 DAY(S),20210120,20200722,Ethan,Class 86/ Cycle 3,,Probation: 15,Could not sign into website,,,,,
CR-C,77044,Waite,Cadet,Training,Medic,124 DAY(S),296 DAY(S),20210120,20200801,Weiss,Class 1/ Cycle 4,,,,,,,,